ID,Parent SKU,SKU,Description,Regular price,Cat,Color,Prime style,Pocket shape,Collection name,Consignment,Placket Shape,Placket Type,Sleeves type,Collar type,Size,Generation
,,1qaz1234*&^%!@,Thobe Classic ,,Thobe > Alshiaka > Classic,,,,,,,,,,,
,1qaz1234*&^%!@,11121102531,Thobe - Classic - Cream - Men - SST - 53S,110,Thobe > Alshiaka > Classic,Cream,SST,Triangle Pocket,Continues,Non Consignment,Triangle Placket,Unhidden Buttons,Plain Sleeves,China Collar,53S,Men
,1qaz1234*&^%!@,11121102532,Thobe - Classic - Cream - Men - SST - 53M,110,Thobe > Alshiaka > Classic,Cream,SST,Triangle Pocket,Continues,Non Consignment,Triangle Placket,Unhidden Buttons,Plain Sleeves,China Collar,53M,Men
,1qaz1234*&^%!@,11121102534,Thobe - Classic - Cream - Men - SST - 53XL,110,Thobe > Alshiaka > Classic,Cream,SST,Triangle Pocket,Continues,Non Consignment,Triangle Placket,Unhidden Buttons,Plain Sleeves,China Collar,53XL,Men
,1qaz1234*&^%!@,11121102541,Thobe - Classic - Cream - Men - SST - 54S,110,Thobe > Alshiaka > Classic,Cream,SST,Triangle Pocket,Continues,Non Consignment,Triangle Placket,Unhidden Buttons,Plain Sleeves,China Collar,54S,Men
,1qaz1234*&^%!@,11121102542,Thobe - Classic - Cream - Men - SST - 54M,110,Thobe > Alshiaka > Classic,Cream,SST,Triangle Pocket,Continues,Non Consignment,Triangle Placket,Unhidden Buttons,Plain Sleeves,China Collar,54M,Men
,1qaz1234*&^%!@,11121102543,Thobe - Classic - Cream - Men - SST - 54L,110,Thobe > Alshiaka > Classic,Cream,SST,Triangle Pocket,Continues,Non Consignment,Triangle Placket,Unhidden Buttons,Plain Sleeves,China Collar,54L,Men
,1qaz1234*&^%!@,11121102544,Thobe - Classic - Cream - Men - SST - 54XL,110,Thobe > Alshiaka > Classic,Cream,SST,Triangle Pocket,Continues,Non Consignment,Triangle Placket,Unhidden Buttons,Plain Sleeves,China Collar,54XL,Men
,1qaz1234*&^%!@,11121102545,Thobe - Classic - Cream - Men - SST - 54XXL,110,Thobe > Alshiaka > Classic,Cream,SST,Triangle Pocket,Continues,Non Consignment,Triangle Placket,Unhidden Buttons,Plain Sleeves,China Collar,54XXL,Men
,1qaz1234*&^%!@,11121102551,Thobe - Classic - Cream - Men - SST - 55S,110,Thobe > Alshiaka > Classic,Cream,SST,Triangle Pocket,Continues,Non Consignment,Triangle Placket,Unhidden Buttons,Plain Sleeves,China Collar,55S,Men
,1qaz1234*&^%!@,11121102553,Thobe - Classic - Cream - Men - SST - 55L,110,Thobe > Alshiaka > Classic,Cream,SST,Triangle Pocket,Continues,Non Consignment,Triangle Placket,Unhidden Buttons,Plain Sleeves,China Collar,55L,Men
,1qaz1234*&^%!@,11121102554,Thobe - Classic - Cream - Men - SST - 55XL,110,Thobe > Alshiaka > Classic,Cream,SST,Triangle Pocket,Continues,Non Consignment,Triangle Placket,Unhidden Buttons,Plain Sleeves,China Collar,55XL,Men
,1qaz1234*&^%!@,11121102561,Thobe - Classic - Cream - Men - SST - 56S,110,Thobe > Alshiaka > Classic,Cream,SST,Triangle Pocket,Continues,Non Consignment,Triangle Placket,Unhidden Buttons,Plain Sleeves,China Collar,56S,Men
,1qaz1234*&^%!@,11121102563,Thobe - Classic - Cream - Men - SST - 56L,110,Thobe > Alshiaka > Classic,Cream,SST,Triangle Pocket,Continues,Non Consignment,Triangle Placket,Unhidden Buttons,Plain Sleeves,China Collar,56L,Men
,1qaz1234*&^%!@,11121102564,Thobe - Classic - Cream - Men - SST - 56XL,110,Thobe > Alshiaka > Classic,Cream,SST,Triangle Pocket,Continues,Non Consignment,Triangle Placket,Unhidden Buttons,Plain Sleeves,China Collar,56XL,Men
,1qaz1234*&^%!@,11121102565,Thobe - Classic - Cream - Men - SST - 56XXL,110,Thobe > Alshiaka > Classic,Cream,SST,Triangle Pocket,Continues,Non Consignment,Triangle Placket,Unhidden Buttons,Plain Sleeves,China Collar,56XXL,Men
,1qaz1234*&^%!@,11121102566,Thobe - Classic - Cream - Men - SST - 56XXXL,110,Thobe > Alshiaka > Classic,Cream,SST,Triangle Pocket,Continues,Non Consignment,Triangle Placket,Unhidden Buttons,Plain Sleeves,China Collar,56XXXL,Men
,1qaz1234*&^%!@,11121102571,Thobe - Classic - Cream - Men - SST - 57S,110,Thobe > Alshiaka > Classic,Cream,SST,Triangle Pocket,Continues,Non Consignment,Triangle Placket,Unhidden Buttons,Plain Sleeves,China Collar,57S,Men
,1qaz1234*&^%!@,11121102572,Thobe - Classic - Cream - Men - SST - 57M,110,Thobe > Alshiaka > Classic,Cream,SST,Triangle Pocket,Continues,Non Consignment,Triangle Placket,Unhidden Buttons,Plain Sleeves,China Collar,57M,Men
,1qaz1234*&^%!@,11121102573,Thobe - Classic - Cream - Men - SST - 57L,110,Thobe > Alshiaka > Classic,Cream,SST,Triangle Pocket,Continues,Non Consignment,Triangle Placket,Unhidden Buttons,Plain Sleeves,China Collar,57L,Men
,1qaz1234*&^%!@,11121102574,Thobe - Classic - Cream - Men - SST - 57XL,110,Thobe > Alshiaka > Classic,Cream,SST,Triangle Pocket,Continues,Non Consignment,Triangle Placket,Unhidden Buttons,Plain Sleeves,China Collar,57XL,Men
,1qaz1234*&^%!@,11121102575,Thobe - Classic - Cream - Men - SST - 57XXL,110,Thobe > Alshiaka > Classic,Cream,SST,Triangle Pocket,Continues,Non Consignment,Triangle Placket,Unhidden Buttons,Plain Sleeves,China Collar,57XXL,Men
,1qaz1234*&^%!@,11121102576,Thobe - Classic - Cream - Men - SST - 57XXXL,110,Thobe > Alshiaka > Classic,Cream,SST,Triangle Pocket,Continues,Non Consignment,Triangle Placket,Unhidden Buttons,Plain Sleeves,China Collar,57XXXL,Men
,1qaz1234*&^%!@,11121102581,Thobe - Classic - Cream - Men - SST - 58S,110,Thobe > Alshiaka > Classic,Cream,SST,Triangle Pocket,Continues,Non Consignment,Triangle Placket,Unhidden Buttons,Plain Sleeves,China Collar,58S,Men
,1qaz1234*&^%!@,11121102582,Thobe - Classic - Cream - Men - SST - 58M,110,Thobe > Alshiaka > Classic,Cream,SST,Triangle Pocket,Continues,Non Consignment,Triangle Placket,Unhidden Buttons,Plain Sleeves,China Collar,58M,Men
,1qaz1234*&^%!@,11121102583,Thobe - Classic - Cream - Men - SST - 58L,110,Thobe > Alshiaka > Classic,Cream,SST,Triangle Pocket,Continues,Non Consignment,Triangle Placket,Unhidden Buttons,Plain Sleeves,China Collar,58L,Men
,1qaz1234*&^%!@,11121102584,Thobe - Classic - Cream - Men - SST - 58XL,110,Thobe > Alshiaka > Classic,Cream,SST,Triangle Pocket,Continues,Non Consignment,Triangle Placket,Unhidden Buttons,Plain Sleeves,China Collar,58XL,Men
,1qaz1234*&^%!@,11121102585,Thobe - Classic - Cream - Men - SST - 58XXL,110,Thobe > Alshiaka > Classic,Cream,SST,Triangle Pocket,Continues,Non Consignment,Triangle Placket,Unhidden Buttons,Plain Sleeves,China Collar,58XXL,Men
,1qaz1234*&^%!@,11121102586,Thobe - Classic - Cream - Men - SST - 58XXXL,110,Thobe > Alshiaka > Classic,Cream,SST,Triangle Pocket,Continues,Non Consignment,Triangle Placket,Unhidden Buttons,Plain Sleeves,China Collar,58XXXL,Men
,1qaz1234*&^%!@,11121102591,Thobe - Classic - Cream - Men - SST - 59S,110,Thobe > Alshiaka > Classic,Cream,SST,Triangle Pocket,Continues,Non Consignment,Triangle Placket,Unhidden Buttons,Plain Sleeves,China Collar,59S,Men
,1qaz1234*&^%!@,11121102592,Thobe - Classic - Cream - Men - SST - 59M,110,Thobe > Alshiaka > Classic,Cream,SST,Triangle Pocket,Continues,Non Consignment,Triangle Placket,Unhidden Buttons,Plain Sleeves,China Collar,59M,Men
,1qaz1234*&^%!@,11121102593,Thobe - Classic - Cream - Men - SST - 59L,110,Thobe > Alshiaka > Classic,Cream,SST,Triangle Pocket,Continues,Non Consignment,Triangle Placket,Unhidden Buttons,Plain Sleeves,China Collar,59L,Men
,1qaz1234*&^%!@,11121102594,Thobe - Classic - Cream - Men - SST - 59XL,110,Thobe > Alshiaka > Classic,Cream,SST,Triangle Pocket,Continues,Non Consignment,Triangle Placket,Unhidden Buttons,Plain Sleeves,China Collar,59XL,Men
,1qaz1234*&^%!@,11121102595,Thobe - Classic - Cream - Men - SST - 59XXL,110,Thobe > Alshiaka > Classic,Cream,SST,Triangle Pocket,Continues,Non Consignment,Triangle Placket,Unhidden Buttons,Plain Sleeves,China Collar,59XXL,Men
,1qaz1234*&^%!@,11121102596,Thobe - Classic - Cream - Men - SST - 59XXXL,110,Thobe > Alshiaka > Classic,Cream,SST,Triangle Pocket,Continues,Non Consignment,Triangle Placket,Unhidden Buttons,Plain Sleeves,China Collar,59XXXL,Men
,1qaz1234*&^%!@,11121102601,Thobe - Classic - Cream - Men - SST - 60S,110,Thobe > Alshiaka > Classic,Cream,SST,Triangle Pocket,Continues,Non Consignment,Triangle Placket,Unhidden Buttons,Plain Sleeves,China Collar,60S,Men
,1qaz1234*&^%!@,11121102602,Thobe - Classic - Cream - Men - SST - 60M,110,Thobe > Alshiaka > Classic,Cream,SST,Triangle Pocket,Continues,Non Consignment,Triangle Placket,Unhidden Buttons,Plain Sleeves,China Collar,60M,Men
,1qaz1234*&^%!@,11121102603,Thobe - Classic - Cream - Men - SST - 60L,110,Thobe > Alshiaka > Classic,Cream,SST,Triangle Pocket,Continues,Non Consignment,Triangle Placket,Unhidden Buttons,Plain Sleeves,China Collar,60L,Men
,1qaz1234*&^%!@,11121102605,Thobe - Classic - Cream - Men - SST - 60XXL,110,Thobe > Alshiaka > Classic,Cream,SST,Triangle Pocket,Continues,Non Consignment,Triangle Placket,Unhidden Buttons,Plain Sleeves,China Collar,60XXL,Men
,1qaz1234*&^%!@,11121102606,Thobe - Classic - Cream - Men - SST - 60XXXL,110,Thobe > Alshiaka > Classic,Cream,SST,Triangle Pocket,Continues,Non Consignment,Triangle Placket,Unhidden Buttons,Plain Sleeves,China Collar,60XXXL,Men
,1qaz1234*&^%!@,11121102607,Thobe - Classic - Cream - Men - SST - 60XXXXL,110,Thobe > Alshiaka > Classic,Cream,SST,Triangle Pocket,Continues,Non Consignment,Triangle Placket,Unhidden Buttons,Plain Sleeves,China Collar,60XXXXL,Men
,1qaz1234*&^%!@,11121102612,Thobe - Classic - Cream - Men - SST - 61M,110,Thobe > Alshiaka > Classic,Cream,SST,Triangle Pocket,Continues,Non Consignment,Triangle Placket,Unhidden Buttons,Plain Sleeves,China Collar,61M,Men
,1qaz1234*&^%!@,11121102613,Thobe - Classic - Cream - Men - SST - 61L,110,Thobe > Alshiaka > Classic,Cream,SST,Triangle Pocket,Continues,Non Consignment,Triangle Placket,Unhidden Buttons,Plain Sleeves,China Collar,61L,Men
,1qaz1234*&^%!@,11121102614,Thobe - Classic - Cream - Men - SST - 61XL,110,Thobe > Alshiaka > Classic,Cream,SST,Triangle Pocket,Continues,Non Consignment,Triangle Placket,Unhidden Buttons,Plain Sleeves,China Collar,61XL,Men
,1qaz1234*&^%!@,11121102615,Thobe - Classic - Cream - Men - SST - 61XXL,110,Thobe > Alshiaka > Classic,Cream,SST,Triangle Pocket,Continues,Non Consignment,Triangle Placket,Unhidden Buttons,Plain Sleeves,China Collar,61XXL,Men
,1qaz1234*&^%!@,11121102622,Thobe - Classic - Cream - Men - SST - 62M,110,Thobe > Alshiaka > Classic,Cream,SST,Triangle Pocket,Continues,Non Consignment,Triangle Placket,Unhidden Buttons,Plain Sleeves,China Collar,62M,Men
,1qaz1234*&^%!@,11121102623,Thobe - Classic - Cream - Men - SST - 62L,110,Thobe > Alshiaka > Classic,Cream,SST,Triangle Pocket,Continues,Non Consignment,Triangle Placket,Unhidden Buttons,Plain Sleeves,China Collar,62L,Men
,1qaz1234*&^%!@,11121102624,Thobe - Classic - Cream - Men - SST - 62XL,110,Thobe > Alshiaka > Classic,Cream,SST,Triangle Pocket,Continues,Non Consignment,Triangle Placket,Unhidden Buttons,Plain Sleeves,China Collar,62XL,Men
,1qaz1234*&^%!@,11121102625,Thobe - Classic - Cream - Men - SST - 62XXL,110,Thobe > Alshiaka > Classic,Cream,SST,Triangle Pocket,Continues,Non Consignment,Triangle Placket,Unhidden Buttons,Plain Sleeves,China Collar,62XXL,Men
,1qaz1234*&^%!@,11121102626,Thobe - Classic - Cream - Men - SST - 62XXXL,110,Thobe > Alshiaka > Classic,Cream,SST,Triangle Pocket,Continues,Non Consignment,Triangle Placket,Unhidden Buttons,Plain Sleeves,China Collar,62XXXL,Men
,1qaz1234*&^%!@,11121102642,Thobe - Classic - Cream - Men - SST - 64M,110,Thobe > Alshiaka > Classic,Cream,SST,Triangle Pocket,Continues,Non Consignment,Triangle Placket,Unhidden Buttons,Plain Sleeves,China Collar,64M,Men
,1qaz1234*&^%!@,11121102643,Thobe - Classic - Cream - Men - SST - 64L,110,Thobe > Alshiaka > Classic,Cream,SST,Triangle Pocket,Continues,Non Consignment,Triangle Placket,Unhidden Buttons,Plain Sleeves,China Collar,64L,Men
,1qaz1234*&^%!@,11121102644,Thobe - Classic - Cream - Men - SST - 64XL,110,Thobe > Alshiaka > Classic,Cream,SST,Triangle Pocket,Continues,Non Consignment,Triangle Placket,Unhidden Buttons,Plain Sleeves,China Collar,64XL,Men
,1qaz1234*&^%!@,11121102645,Thobe - Classic - Cream - Men - SST - 64XXL,110,Thobe > Alshiaka > Classic,Cream,SST,Triangle Pocket,Continues,Non Consignment,Triangle Placket,Unhidden Buttons,Plain Sleeves,China Collar,64XXL,Men
,1qaz1234*&^%!@,11121102647,Thobe - Classic - Cream - Men - SST - 64XXXXL,110,Thobe > Alshiaka > Classic,Cream,SST,Triangle Pocket,Continues,Non Consignment,Triangle Placket,Unhidden Buttons,Plain Sleeves,China Collar,64XXXXL,Men
,1qaz1234*&^%!@,11121202531,Thobe - Classic - Cream - Men - SFCT - 53S,110,Thobe > Alshiaka > Classic,Cream,SFCT,Triangle Pocket,Continues,Non Consignment,Triangle Placket,Unhidden Buttons,Fashion Cuff Sleeves,China Collar,53S,Men
,1qaz1234*&^%!@,11121202532,Thobe - Classic - Cream - Men - SFCT - 53M,110,Thobe > Alshiaka > Classic,Cream,SFCT,Triangle Pocket,Continues,Non Consignment,Triangle Placket,Unhidden Buttons,Fashion Cuff Sleeves,China Collar,53M,Men
,1qaz1234*&^%!@,11121202541,Thobe - Classic - Cream - Men - SFCT - 54S,110,Thobe > Alshiaka > Classic,Cream,SFCT,Triangle Pocket,Continues,Non Consignment,Triangle Placket,Unhidden Buttons,Fashion Cuff Sleeves,China Collar,54S,Men
,1qaz1234*&^%!@,11121202542,Thobe - Classic - Cream - Men - SFCT - 54M,110,Thobe > Alshiaka > Classic,Cream,SFCT,Triangle Pocket,Continues,Non Consignment,Triangle Placket,Unhidden Buttons,Fashion Cuff Sleeves,China Collar,54M,Men
,1qaz1234*&^%!@,11121202551,Thobe - Classic - Cream - Men - SFCT - 55S,110,Thobe > Alshiaka > Classic,Cream,SFCT,Triangle Pocket,Continues,Non Consignment,Triangle Placket,Unhidden Buttons,Fashion Cuff Sleeves,China Collar,55S,Men
,1qaz1234*&^%!@,11121202552,Thobe - Classic - Cream - Men - SFCT - 55M,110,Thobe > Alshiaka > Classic,Cream,SFCT,Triangle Pocket,Continues,Non Consignment,Triangle Placket,Unhidden Buttons,Fashion Cuff Sleeves,China Collar,55M,Men
,1qaz1234*&^%!@,11121202561,Thobe - Classic - Cream - Men - SFCT - 56S,110,Thobe > Alshiaka > Classic,Cream,SFCT,Triangle Pocket,Continues,Non Consignment,Triangle Placket,Unhidden Buttons,Fashion Cuff Sleeves,China Collar,56S,Men
,1qaz1234*&^%!@,11121202562,Thobe - Classic - Cream - Men - SFCT - 56M,110,Thobe > Alshiaka > Classic,Cream,SFCT,Triangle Pocket,Continues,Non Consignment,Triangle Placket,Unhidden Buttons,Fashion Cuff Sleeves,China Collar,56M,Men
,1qaz1234*&^%!@,11121202563,Thobe - Classic - Cream - Men - SFCT - 56L,110,Thobe > Alshiaka > Classic,Cream,SFCT,Triangle Pocket,Continues,Non Consignment,Triangle Placket,Unhidden Buttons,Fashion Cuff Sleeves,China Collar,56L,Men
,1qaz1234*&^%!@,11121202571,Thobe - Classic - Cream - Men - SFCT - 57S,110,Thobe > Alshiaka > Classic,Cream,SFCT,Triangle Pocket,Continues,Non Consignment,Triangle Placket,Unhidden Buttons,Fashion Cuff Sleeves,China Collar,57S,Men
,1qaz1234*&^%!@,11121202572,Thobe - Classic - Cream - Men - SFCT - 57M,110,Thobe > Alshiaka > Classic,Cream,SFCT,Triangle Pocket,Continues,Non Consignment,Triangle Placket,Unhidden Buttons,Fashion Cuff Sleeves,China Collar,57M,Men
,1qaz1234*&^%!@,11121202574,Thobe - Classic - Cream - Men - SFCT - 57XL,110,Thobe > Alshiaka > Classic,Cream,SFCT,Triangle Pocket,Continues,Non Consignment,Triangle Placket,Unhidden Buttons,Fashion Cuff Sleeves,China Collar,57XL,Men
,1qaz1234*&^%!@,11121202581,Thobe - Classic - Cream - Men - SFCT - 58S,110,Thobe > Alshiaka > Classic,Cream,SFCT,Triangle Pocket,Continues,Non Consignment,Triangle Placket,Unhidden Buttons,Fashion Cuff Sleeves,China Collar,58S,Men
,1qaz1234*&^%!@,11121202582,Thobe - Classic - Cream - Men - SFCT - 58M,110,Thobe > Alshiaka > Classic,Cream,SFCT,Triangle Pocket,Continues,Non Consignment,Triangle Placket,Unhidden Buttons,Fashion Cuff Sleeves,China Collar,58M,Men
,1qaz1234*&^%!@,11121202583,Thobe - Classic - Cream - Men - SFCT - 58L,110,Thobe > Alshiaka > Classic,Cream,SFCT,Triangle Pocket,Continues,Non Consignment,Triangle Placket,Unhidden Buttons,Fashion Cuff Sleeves,China Collar,58L,Men
,1qaz1234*&^%!@,11121202584,Thobe - Classic - Cream - Men - SFCT - 58XL,110,Thobe > Alshiaka > Classic,Cream,SFCT,Triangle Pocket,Continues,Non Consignment,Triangle Placket,Unhidden Buttons,Fashion Cuff Sleeves,China Collar,58XL,Men
,1qaz1234*&^%!@,11121202591,Thobe - Classic - Cream - Men - SFCT - 59S,110,Thobe > Alshiaka > Classic,Cream,SFCT,Triangle Pocket,Continues,Non Consignment,Triangle Placket,Unhidden Buttons,Fashion Cuff Sleeves,China Collar,59S,Men
,1qaz1234*&^%!@,11121202592,Thobe - Classic - Cream - Men - SFCT - 59M,110,Thobe > Alshiaka > Classic,Cream,SFCT,Triangle Pocket,Continues,Non Consignment,Triangle Placket,Unhidden Buttons,Fashion Cuff Sleeves,China Collar,59M,Men
,1qaz1234*&^%!@,11121202593,Thobe - Classic - Cream - Men - SFCT - 59L,110,Thobe > Alshiaka > Classic,Cream,SFCT,Triangle Pocket,Continues,Non Consignment,Triangle Placket,Unhidden Buttons,Fashion Cuff Sleeves,China Collar,59L,Men
,1qaz1234*&^%!@,11121202594,Thobe - Classic - Cream - Men - SFCT - 59XL,110,Thobe > Alshiaka > Classic,Cream,SFCT,Triangle Pocket,Continues,Non Consignment,Triangle Placket,Unhidden Buttons,Fashion Cuff Sleeves,China Collar,59XL,Men
,1qaz1234*&^%!@,11121202601,Thobe - Classic - Cream - Men - SFCT - 60S,110,Thobe > Alshiaka > Classic,Cream,SFCT,Triangle Pocket,Continues,Non Consignment,Triangle Placket,Unhidden Buttons,Fashion Cuff Sleeves,China Collar,60S,Men
,1qaz1234*&^%!@,11121202602,Thobe - Classic - Cream - Men - SFCT - 60M,110,Thobe > Alshiaka > Classic,Cream,SFCT,Triangle Pocket,Continues,Non Consignment,Triangle Placket,Unhidden Buttons,Fashion Cuff Sleeves,China Collar,60M,Men
,1qaz1234*&^%!@,11121202603,Thobe - Classic - Cream - Men - SFCT - 60L,110,Thobe > Alshiaka > Classic,Cream,SFCT,Triangle Pocket,Continues,Non Consignment,Triangle Placket,Unhidden Buttons,Fashion Cuff Sleeves,China Collar,60L,Men
,1qaz1234*&^%!@,11121202604,Thobe - Classic - Cream - Men - SFCT - 60XL,110,Thobe > Alshiaka > Classic,Cream,SFCT,Triangle Pocket,Continues,Non Consignment,Triangle Placket,Unhidden Buttons,Fashion Cuff Sleeves,China Collar,60XL,Men
,1qaz1234*&^%!@,11121202605,Thobe - Classic - Cream - Men - SFCT - 60XXL,110,Thobe > Alshiaka > Classic,Cream,SFCT,Triangle Pocket,Continues,Non Consignment,Triangle Placket,Unhidden Buttons,Fashion Cuff Sleeves,China Collar,60XXL,Men
,1qaz1234*&^%!@,11121202612,Thobe - Classic - Cream - Men - SFCT - 61M,110,Thobe > Alshiaka > Classic,Cream,SFCT,Triangle Pocket,Continues,Non Consignment,Triangle Placket,Unhidden Buttons,Fashion Cuff Sleeves,China Collar,61M,Men
,1qaz1234*&^%!@,11121202613,Thobe - Classic - Cream - Men - SFCT - 61L,110,Thobe > Alshiaka > Classic,Cream,SFCT,Triangle Pocket,Continues,Non Consignment,Triangle Placket,Unhidden Buttons,Fashion Cuff Sleeves,China Collar,61L,Men
,1qaz1234*&^%!@,11121202622,Thobe - Classic - Cream - Men - SFCT - 62M,110,Thobe > Alshiaka > Classic,Cream,SFCT,Triangle Pocket,Continues,Non Consignment,Triangle Placket,Unhidden Buttons,Fashion Cuff Sleeves,China Collar,62M,Men
,1qaz1234*&^%!@,11121202623,Thobe - Classic - Cream - Men - SFCT - 62L,110,Thobe > Alshiaka > Classic,Cream,SFCT,Triangle Pocket,Continues,Non Consignment,Triangle Placket,Unhidden Buttons,Fashion Cuff Sleeves,China Collar,62L,Men
,1qaz1234*&^%!@,11121202624,Thobe - Classic - Cream - Men - SFCT - 62XL,110,Thobe > Alshiaka > Classic,Cream,SFCT,Triangle Pocket,Continues,Non Consignment,Triangle Placket,Unhidden Buttons,Fashion Cuff Sleeves,China Collar,62XL,Men
,1qaz1234*&^%!@,11121202625,Thobe - Classic - Cream - Men - SFCT - 62XXL,110,Thobe > Alshiaka > Classic,Cream,SFCT,Triangle Pocket,Continues,Non Consignment,Triangle Placket,Unhidden Buttons,Fashion Cuff Sleeves,China Collar,62XXL,Men
,1qaz1234*&^%!@,11121202646,Thobe - Classic - Cream - Men - SFCT - 64XXXL,110,Thobe > Alshiaka > Classic,Cream,SFCT,Triangle Pocket,Continues,Non Consignment,Triangle Placket,Unhidden Buttons,Fashion Cuff Sleeves,China Collar,64XXXL,Men
,1qaz1234*&^%!@,11120101282,Thobe - Classic - White - Child - SS - 28M,75,Thobe > Alshiaka > Classic,White,SS,Square Pocket,Continues,Non Consignment,Square Placket,Unhidden Buttons,Plain Sleeves,China Collar,28M,Child
,1qaz1234*&^%!@,11120101322,Thobe - Classic - White - Boys - SS - 32M,39,Thobe > Alshiaka > Classic,White,SS,Square Pocket,Continues,Non Consignment,Square Placket,Unhidden Buttons,Plain Sleeves,China Collar,32M,Boys
,1qaz1234*&^%!@,11120101391,Thobe - Classic - White - Boys - SS - 39S,85,Thobe > Alshiaka > Classic,White,SS,Square Pocket,Continues,Non Consignment,Square Placket,Unhidden Buttons,Plain Sleeves,China Collar,39S,Boys
,1qaz1234*&^%!@,11120101412,Thobe - Classic - White - Youth - SS - 41M,95,Thobe > Alshiaka > Classic,White,SS,Square Pocket,Continues,Non Consignment,Square Placket,Unhidden Buttons,Plain Sleeves,China Collar,41M,Youth
,1qaz1234*&^%!@,11120101442,Thobe - Classic - White - Youth - SS - 44M,49,Thobe > Alshiaka > Classic,White,SS,Square Pocket,Continues,Non Consignment,Square Placket,Unhidden Buttons,Plain Sleeves,China Collar,44M,Youth
,1qaz1234*&^%!@,11120101462,Thobe - Classic - White - Youth - SS - 46M,95,Thobe > Alshiaka > Classic,White,SS,Square Pocket,Continues,Non Consignment,Square Placket,Unhidden Buttons,Plain Sleeves,China Collar,46M,Youth
,1qaz1234*&^%!@,11120101481,Thobe - Classic - White - Youth - SS - 48S,95,Thobe > Alshiaka > Classic,White,SS,Square Pocket,Continues,Non Consignment,Square Placket,Unhidden Buttons,Plain Sleeves,China Collar,48S,Youth
,1qaz1234*&^%!@,11120101482,Thobe - Classic - White - Youth - SS - 48M,95,Thobe > Alshiaka > Classic,White,SS,Square Pocket,Continues,Non Consignment,Square Placket,Unhidden Buttons,Plain Sleeves,China Collar,48M,Youth
,1qaz1234*&^%!@,11120101492,Thobe - Classic - White - Youth - SS - 49M,95,Thobe > Alshiaka > Classic,White,SS,Square Pocket,Continues,Non Consignment,Square Placket,Unhidden Buttons,Plain Sleeves,China Collar,49M,Youth
,1qaz1234*&^%!@,11120101501,Thobe - Classic - White - Youth - SS - 50S,95,Thobe > Alshiaka > Classic,White,SS,Square Pocket,Continues,Non Consignment,Square Placket,Unhidden Buttons,Plain Sleeves,China Collar,50S,Youth
,1qaz1234*&^%!@,11120101502,Thobe - Classic - White - Youth - SS - 50M,95,Thobe > Alshiaka > Classic,White,SS,Square Pocket,Continues,Non Consignment,Square Placket,Unhidden Buttons,Plain Sleeves,China Collar,50M,Youth
,1qaz1234*&^%!@,11120101503,Thobe - Classic - White - Youth - SS - 50L,95,Thobe > Alshiaka > Classic,White,SS,Square Pocket,Continues,Non Consignment,Square Placket,Unhidden Buttons,Plain Sleeves,China Collar,50L,Youth
,1qaz1234*&^%!@,11120101511,Thobe - Classic - White - Youth - SS - 51S,95,Thobe > Alshiaka > Classic,White,SS,Square Pocket,Continues,Non Consignment,Square Placket,Unhidden Buttons,Plain Sleeves,China Collar,51S,Youth
,1qaz1234*&^%!@,11120101513,Thobe - Classic - White - Youth - SS - 51L,95,Thobe > Alshiaka > Classic,White,SS,Square Pocket,Continues,Non Consignment,Square Placket,Unhidden Buttons,Plain Sleeves,China Collar,51L,Youth
,1qaz1234*&^%!@,11120101523,Thobe - Classic - White - Youth - SS - 52L,95,Thobe > Alshiaka > Classic,White,SS,Square Pocket,Continues,Non Consignment,Square Placket,Unhidden Buttons,Plain Sleeves,China Collar,52L,Youth
,1qaz1234*&^%!@,11121001321,Thobe - Classic - White - Boys - SFC - 32S,85,Thobe > Alshiaka > Classic,White,SFC,Square Pocket,Continues,Non Consignment,Square Placket,Unhidden Buttons,Fashion Cuff Sleeves,China Collar,32S,Boys
,1qaz1234*&^%!@,11121001431,Thobe - Classic - White - Youth - SFC - 43S,95,Thobe > Alshiaka > Classic,White,SFC,Square Pocket,Continues,Non Consignment,Square Placket,Unhidden Buttons,Fashion Cuff Sleeves,China Collar,43S,Youth
,1qaz1234*&^%!@,11121001461,Thobe - Classic - White - Youth - SFC - 46S,95,Thobe > Alshiaka > Classic,White,SFC,Square Pocket,Continues,Non Consignment,Square Placket,Unhidden Buttons,Fashion Cuff Sleeves,China Collar,46S,Youth
,1qaz1234*&^%!@,11121001481,Thobe - Classic - White - Youth - SFC - 48S,95,Thobe > Alshiaka > Classic,White,SFC,Square Pocket,Continues,Non Consignment,Square Placket,Unhidden Buttons,Fashion Cuff Sleeves,China Collar,48S,Youth
,1qaz1234*&^%!@,11121001483,Thobe - Classic - White - Youth - SFC - 48L,95,Thobe > Alshiaka > Classic,White,SFC,Square Pocket,Continues,Non Consignment,Square Placket,Unhidden Buttons,Fashion Cuff Sleeves,China Collar,48L,Youth
,1qaz1234*&^%!@,11121001493,Thobe - Classic - White - Youth - SFC - 49L,95,Thobe > Alshiaka > Classic,White,SFC,Square Pocket,Continues,Non Consignment,Square Placket,Unhidden Buttons,Fashion Cuff Sleeves,China Collar,49L,Youth
,1qaz1234*&^%!@,11121001501,Thobe - Classic - White - Youth - SFC - 50S,95,Thobe > Alshiaka > Classic,White,SFC,Square Pocket,Continues,Non Consignment,Square Placket,Unhidden Buttons,Fashion Cuff Sleeves,China Collar,50S,Youth
,1qaz1234*&^%!@,11121001502,Thobe - Classic - White - Youth - SFC - 50M,95,Thobe > Alshiaka > Classic,White,SFC,Square Pocket,Continues,Non Consignment,Square Placket,Unhidden Buttons,Fashion Cuff Sleeves,China Collar,50M,Youth
,1qaz1234*&^%!@,11121001503,Thobe - Classic - White - Youth - SFC - 50L,95,Thobe > Alshiaka > Classic,White,SFC,Square Pocket,Continues,Non Consignment,Square Placket,Unhidden Buttons,Fashion Cuff Sleeves,China Collar,50L,Youth
,1qaz1234*&^%!@,11121001512,Thobe - Classic - White - Youth - SFC - 51M,95,Thobe > Alshiaka > Classic,White,SFC,Square Pocket,Continues,Non Consignment,Square Placket,Unhidden Buttons,Fashion Cuff Sleeves,China Collar,51M,Youth
,1qaz1234*&^%!@,11121001513,Thobe - Classic - White - Youth - SFC - 51L,95,Thobe > Alshiaka > Classic,White,SFC,Square Pocket,Continues,Non Consignment,Square Placket,Unhidden Buttons,Fashion Cuff Sleeves,China Collar,51L,Youth
,1qaz1234*&^%!@,11121001522,Thobe - Classic - White - Youth - SFC - 52M,95,Thobe > Alshiaka > Classic,White,SFC,Square Pocket,Continues,Non Consignment,Square Placket,Unhidden Buttons,Fashion Cuff Sleeves,China Collar,52M,Youth
,1qaz1234*&^%!@,11121101232,Thobe - Classic - White - Child - SST - 23M,75,Thobe > Alshiaka > Classic,White,SST,Triangle Pocket,Continues,Non Consignment,Triangle Placket,Unhidden Buttons,Plain Sleeves,China Collar,23M,Child
,1qaz1234*&^%!@,11121101242,Thobe - Classic - White - Child - SST - 24M,75,Thobe > Alshiaka > Classic,White,SST,Triangle Pocket,Continues,Non Consignment,Triangle Placket,Unhidden Buttons,Plain Sleeves,China Collar,24M,Child
,1qaz1234*&^%!@,11121101262,Thobe - Classic - White - Child - SST - 26M,75,Thobe > Alshiaka > Classic,White,SST,Triangle Pocket,Continues,Non Consignment,Triangle Placket,Unhidden Buttons,Plain Sleeves,China Collar,26M,Child
,1qaz1234*&^%!@,11121101282,Thobe - Classic - White - Child - SST - 28M,75,Thobe > Alshiaka > Classic,White,SST,Triangle Pocket,Continues,Non Consignment,Triangle Placket,Unhidden Buttons,Plain Sleeves,China Collar,28M,Child
,1qaz1234*&^%!@,11121101302,Thobe - Classic - White - Child - SST - 30M,75,Thobe > Alshiaka > Classic,White,SST,Triangle Pocket,Continues,Non Consignment,Triangle Placket,Unhidden Buttons,Plain Sleeves,China Collar,30M,Child
,1qaz1234*&^%!@,11121101311,Thobe - Classic - White - Boys - SST - 31S,85,Thobe > Alshiaka > Classic,White,SST,Triangle Pocket,Continues,Non Consignment,Triangle Placket,Unhidden Buttons,Plain Sleeves,China Collar,31S,Boys
,1qaz1234*&^%!@,11121101321,Thobe - Classic - White - Boys - SST - 32S,85,Thobe > Alshiaka > Classic,White,SST,Triangle Pocket,Continues,Non Consignment,Triangle Placket,Unhidden Buttons,Plain Sleeves,China Collar,32S,Boys
,1qaz1234*&^%!@,11121101322,Thobe - Classic - White - Boys - SST - 32M,85,Thobe > Alshiaka > Classic,White,SST,Triangle Pocket,Continues,Non Consignment,Triangle Placket,Unhidden Buttons,Plain Sleeves,China Collar,32M,Boys
,1qaz1234*&^%!@,11121101331,Thobe - Classic - White - Boys - SST - 33S,85,Thobe > Alshiaka > Classic,White,SST,Triangle Pocket,Continues,Non Consignment,Triangle Placket,Unhidden Buttons,Plain Sleeves,China Collar,33S,Boys
,1qaz1234*&^%!@,11121101332,Thobe - Classic - White - Boys - SST - 33M,85,Thobe > Alshiaka > Classic,White,SST,Triangle Pocket,Continues,Non Consignment,Triangle Placket,Unhidden Buttons,Plain Sleeves,China Collar,33M,Boys
,1qaz1234*&^%!@,11121101341,Thobe - Classic - White - Boys - SST - 34S,85,Thobe > Alshiaka > Classic,White,SST,Triangle Pocket,Continues,Non Consignment,Triangle Placket,Unhidden Buttons,Plain Sleeves,China Collar,34S,Boys
,1qaz1234*&^%!@,11121101351,Thobe - Classic - White - Boys - SST - 35S,85,Thobe > Alshiaka > Classic,White,SST,Triangle Pocket,Continues,Non Consignment,Triangle Placket,Unhidden Buttons,Plain Sleeves,China Collar,35S,Boys
,1qaz1234*&^%!@,11121101361,Thobe - Classic - White - Boys - SST - 36S,85,Thobe > Alshiaka > Classic,White,SST,Triangle Pocket,Continues,Non Consignment,Triangle Placket,Unhidden Buttons,Plain Sleeves,China Collar,36S,Boys
,1qaz1234*&^%!@,11121101362,Thobe - Classic - White - Boys - SST - 36M,85,Thobe > Alshiaka > Classic,White,SST,Triangle Pocket,Continues,Non Consignment,Triangle Placket,Unhidden Buttons,Plain Sleeves,China Collar,36M,Boys
,1qaz1234*&^%!@,11121101371,Thobe - Classic - White - Boys - SST - 37S,85,Thobe > Alshiaka > Classic,White,SST,Triangle Pocket,Continues,Non Consignment,Triangle Placket,Unhidden Buttons,Plain Sleeves,China Collar,37S,Boys
,1qaz1234*&^%!@,11121101381,Thobe - Classic - White - Boys - SST - 38S,85,Thobe > Alshiaka > Classic,White,SST,Triangle Pocket,Continues,Non Consignment,Triangle Placket,Unhidden Buttons,Plain Sleeves,China Collar,38S,Boys
,1qaz1234*&^%!@,11121101382,Thobe - Classic - White - Boys - SST - 38M,85,Thobe > Alshiaka > Classic,White,SST,Triangle Pocket,Continues,Non Consignment,Triangle Placket,Unhidden Buttons,Plain Sleeves,China Collar,38M,Boys
,1qaz1234*&^%!@,11121101391,Thobe - Classic - White - Boys - SST - 39S,85,Thobe > Alshiaka > Classic,White,SST,Triangle Pocket,Continues,Non Consignment,Triangle Placket,Unhidden Buttons,Plain Sleeves,China Collar,39S,Boys
,1qaz1234*&^%!@,11121101401,Thobe - Classic - White - Boys - SST - 40S,85,Thobe > Alshiaka > Classic,White,SST,Triangle Pocket,Continues,Non Consignment,Triangle Placket,Unhidden Buttons,Plain Sleeves,China Collar,40S,Boys
,1qaz1234*&^%!@,11121101402,Thobe - Classic - White - Boys - SST - 40M,85,Thobe > Alshiaka > Classic,White,SST,Triangle Pocket,Continues,Non Consignment,Triangle Placket,Unhidden Buttons,Plain Sleeves,China Collar,40M,Boys
,1qaz1234*&^%!@,11121101411,Thobe - Classic - White - Youth - SST - 41S,95,Thobe > Alshiaka > Classic,White,SST,Triangle Pocket,Continues,Non Consignment,Triangle Placket,Unhidden Buttons,Plain Sleeves,China Collar,41S,Youth
,1qaz1234*&^%!@,11121101421,Thobe - Classic - White - Youth - SST - 42S,95,Thobe > Alshiaka > Classic,White,SST,Triangle Pocket,Continues,Non Consignment,Triangle Placket,Unhidden Buttons,Plain Sleeves,China Collar,42S,Youth
,1qaz1234*&^%!@,11121101422,Thobe - Classic - White - Youth - SST - 42M,95,Thobe > Alshiaka > Classic,White,SST,Triangle Pocket,Continues,Non Consignment,Triangle Placket,Unhidden Buttons,Plain Sleeves,China Collar,42M,Youth
,1qaz1234*&^%!@,11121101431,Thobe - Classic - White - Youth - SST - 43S,95,Thobe > Alshiaka > Classic,White,SST,Triangle Pocket,Continues,Non Consignment,Triangle Placket,Unhidden Buttons,Plain Sleeves,China Collar,43S,Youth
,1qaz1234*&^%!@,11121101432,Thobe - Classic - White - Youth - SST - 43M,95,Thobe > Alshiaka > Classic,White,SST,Triangle Pocket,Continues,Non Consignment,Triangle Placket,Unhidden Buttons,Plain Sleeves,China Collar,43M,Youth
,1qaz1234*&^%!@,11121101441,Thobe - Classic - White - Youth - SST - 44S,95,Thobe > Alshiaka > Classic,White,SST,Triangle Pocket,Continues,Non Consignment,Triangle Placket,Unhidden Buttons,Plain Sleeves,China Collar,44S,Youth
,1qaz1234*&^%!@,11121101442,Thobe - Classic - White - Youth - SST - 44M,95,Thobe > Alshiaka > Classic,White,SST,Triangle Pocket,Continues,Non Consignment,Triangle Placket,Unhidden Buttons,Plain Sleeves,China Collar,44M,Youth
,1qaz1234*&^%!@,11121101443,Thobe - Classic - White - Youth - SST - 44L,95,Thobe > Alshiaka > Classic,White,SST,Triangle Pocket,Continues,Non Consignment,Triangle Placket,Unhidden Buttons,Plain Sleeves,China Collar,44L,Youth
,1qaz1234*&^%!@,11121101451,Thobe - Classic - White - Youth - SST - 45S,95,Thobe > Alshiaka > Classic,White,SST,Triangle Pocket,Continues,Non Consignment,Triangle Placket,Unhidden Buttons,Plain Sleeves,China Collar,45S,Youth
,1qaz1234*&^%!@,11121101453,Thobe - Classic - White - Youth - SST - 45L,95,Thobe > Alshiaka > Classic,White,SST,Triangle Pocket,Continues,Non Consignment,Triangle Placket,Unhidden Buttons,Plain Sleeves,China Collar,45L,Youth
,1qaz1234*&^%!@,11121101461,Thobe - Classic - White - Youth - SST - 46S,95,Thobe > Alshiaka > Classic,White,SST,Triangle Pocket,Continues,Non Consignment,Triangle Placket,Unhidden Buttons,Plain Sleeves,China Collar,46S,Youth
,1qaz1234*&^%!@,11121101462,Thobe - Classic - White - Youth - SST - 46M,95,Thobe > Alshiaka > Classic,White,SST,Triangle Pocket,Continues,Non Consignment,Triangle Placket,Unhidden Buttons,Plain Sleeves,China Collar,46M,Youth
,1qaz1234*&^%!@,11121101463,Thobe - Classic - White - Youth - SST - 46L,95,Thobe > Alshiaka > Classic,White,SST,Triangle Pocket,Continues,Non Consignment,Triangle Placket,Unhidden Buttons,Plain Sleeves,China Collar,46L,Youth
,1qaz1234*&^%!@,11121101471,Thobe - Classic - White - Youth - SST - 47S,95,Thobe > Alshiaka > Classic,White,SST,Triangle Pocket,Continues,Non Consignment,Triangle Placket,Unhidden Buttons,Plain Sleeves,China Collar,47S,Youth
,1qaz1234*&^%!@,11121101472,Thobe - Classic - White - Youth - SST - 47M,95,Thobe > Alshiaka > Classic,White,SST,Triangle Pocket,Continues,Non Consignment,Triangle Placket,Unhidden Buttons,Plain Sleeves,China Collar,47M,Youth
,1qaz1234*&^%!@,11121101473,Thobe - Classic - White - Youth - SST - 47L,95,Thobe > Alshiaka > Classic,White,SST,Triangle Pocket,Continues,Non Consignment,Triangle Placket,Unhidden Buttons,Plain Sleeves,China Collar,47L,Youth
,1qaz1234*&^%!@,11121101474,Thobe - Classic - White - Youth - SST - 47XL,95,Thobe > Alshiaka > Classic,White,SST,Triangle Pocket,Continues,Non Consignment,Triangle Placket,Unhidden Buttons,Plain Sleeves,China Collar,47XL,Youth
,1qaz1234*&^%!@,11121101481,Thobe - Classic - White - Youth - SST - 48S,95,Thobe > Alshiaka > Classic,White,SST,Triangle Pocket,Continues,Non Consignment,Triangle Placket,Unhidden Buttons,Plain Sleeves,China Collar,48S,Youth
,1qaz1234*&^%!@,11121101482,Thobe - Classic - White - Youth - SST - 48M,95,Thobe > Alshiaka > Classic,White,SST,Triangle Pocket,Continues,Non Consignment,Triangle Placket,Unhidden Buttons,Plain Sleeves,China Collar,48M,Youth
,1qaz1234*&^%!@,11121101483,Thobe - Classic - White - Youth - SST - 48L,95,Thobe > Alshiaka > Classic,White,SST,Triangle Pocket,Continues,Non Consignment,Triangle Placket,Unhidden Buttons,Plain Sleeves,China Collar,48L,Youth
,1qaz1234*&^%!@,11121101484,Thobe - Classic - White - Youth - SST - 48XL,95,Thobe > Alshiaka > Classic,White,SST,Triangle Pocket,Continues,Non Consignment,Triangle Placket,Unhidden Buttons,Plain Sleeves,China Collar,48XL,Youth
,1qaz1234*&^%!@,11121101491,Thobe - Classic - White - Youth - SST - 49S,95,Thobe > Alshiaka > Classic,White,SST,Triangle Pocket,Continues,Non Consignment,Triangle Placket,Unhidden Buttons,Plain Sleeves,China Collar,49S,Youth
,1qaz1234*&^%!@,11121101492,Thobe - Classic - White - Youth - SST - 49M,95,Thobe > Alshiaka > Classic,White,SST,Triangle Pocket,Continues,Non Consignment,Triangle Placket,Unhidden Buttons,Plain Sleeves,China Collar,49M,Youth
,1qaz1234*&^%!@,11121101493,Thobe - Classic - White - Youth - SST - 49L,95,Thobe > Alshiaka > Classic,White,SST,Triangle Pocket,Continues,Non Consignment,Triangle Placket,Unhidden Buttons,Plain Sleeves,China Collar,49L,Youth
,1qaz1234*&^%!@,11121101494,Thobe - Classic - White - Youth - SST - 49XL,95,Thobe > Alshiaka > Classic,White,SST,Triangle Pocket,Continues,Non Consignment,Triangle Placket,Unhidden Buttons,Plain Sleeves,China Collar,49XL,Youth
,1qaz1234*&^%!@,11121101501,Thobe - Classic - White - Youth - SST - 50S,95,Thobe > Alshiaka > Classic,White,SST,Triangle Pocket,Continues,Non Consignment,Triangle Placket,Unhidden Buttons,Plain Sleeves,China Collar,50S,Youth
,1qaz1234*&^%!@,11121101502,Thobe - Classic - White - Youth - SST - 50M,95,Thobe > Alshiaka > Classic,White,SST,Triangle Pocket,Continues,Non Consignment,Triangle Placket,Unhidden Buttons,Plain Sleeves,China Collar,50M,Youth
,1qaz1234*&^%!@,11121101503,Thobe - Classic - White - Youth - SST - 50L,95,Thobe > Alshiaka > Classic,White,SST,Triangle Pocket,Continues,Non Consignment,Triangle Placket,Unhidden Buttons,Plain Sleeves,China Collar,50L,Youth
,1qaz1234*&^%!@,11121101504,Thobe - Classic - White - Youth - SST - 50XL,95,Thobe > Alshiaka > Classic,White,SST,Triangle Pocket,Continues,Non Consignment,Triangle Placket,Unhidden Buttons,Plain Sleeves,China Collar,50XL,Youth
,1qaz1234*&^%!@,11121101512,Thobe - Classic - White - Youth - SST - 51M,95,Thobe > Alshiaka > Classic,White,SST,Triangle Pocket,Continues,Non Consignment,Triangle Placket,Unhidden Buttons,Plain Sleeves,China Collar,51M,Youth
,1qaz1234*&^%!@,11121101513,Thobe - Classic - White - Youth - SST - 51L,95,Thobe > Alshiaka > Classic,White,SST,Triangle Pocket,Continues,Non Consignment,Triangle Placket,Unhidden Buttons,Plain Sleeves,China Collar,51L,Youth
,1qaz1234*&^%!@,11121101514,Thobe - Classic - White - Youth - SST - 51XL,95,Thobe > Alshiaka > Classic,White,SST,Triangle Pocket,Continues,Non Consignment,Triangle Placket,Unhidden Buttons,Plain Sleeves,China Collar,51XL,Youth
,1qaz1234*&^%!@,11121101523,Thobe - Classic - White - Youth - SST - 52L,95,Thobe > Alshiaka > Classic,White,SST,Triangle Pocket,Continues,Non Consignment,Triangle Placket,Unhidden Buttons,Plain Sleeves,China Collar,52L,Youth
,1qaz1234*&^%!@,11121101524,Thobe - Classic - White - Youth - SST - 52XL,95,Thobe > Alshiaka > Classic,White,SST,Triangle Pocket,Continues,Non Consignment,Triangle Placket,Unhidden Buttons,Plain Sleeves,China Collar,52XL,Youth
,1qaz1234*&^%!@,11121201242,Thobe - Classic - White - Child - SFCT - 24M,75,Thobe > Alshiaka > Classic,White,SFCT,Triangle Pocket,Continues,Non Consignment,Triangle Placket,Unhidden Buttons,Fashion Cuff Sleeves,China Collar,24M,Child
,1qaz1234*&^%!@,11121201262,Thobe - Classic - White - Child - SFCT - 26M,75,Thobe > Alshiaka > Classic,White,SFCT,Triangle Pocket,Continues,Non Consignment,Triangle Placket,Unhidden Buttons,Fashion Cuff Sleeves,China Collar,26M,Child
,1qaz1234*&^%!@,11121201282,Thobe - Classic - White - Child - SFCT - 28M,75,Thobe > Alshiaka > Classic,White,SFCT,Triangle Pocket,Continues,Non Consignment,Triangle Placket,Unhidden Buttons,Fashion Cuff Sleeves,China Collar,28M,Child
,1qaz1234*&^%!@,11121201302,Thobe - Classic - White - Child - SFCT - 30M,75,Thobe > Alshiaka > Classic,White,SFCT,Triangle Pocket,Continues,Non Consignment,Triangle Placket,Unhidden Buttons,Fashion Cuff Sleeves,China Collar,30M,Child
,1qaz1234*&^%!@,11121201311,Thobe - Classic - White - Boys - SFCT - 31S,85,Thobe > Alshiaka > Classic,White,SFCT,Triangle Pocket,Continues,Non Consignment,Triangle Placket,Unhidden Buttons,Fashion Cuff Sleeves,China Collar,31S,Boys
,1qaz1234*&^%!@,11121201312,Thobe - Classic - White - Boys - SFCT - 31M,85,Thobe > Alshiaka > Classic,White,SFCT,Triangle Pocket,Continues,Non Consignment,Triangle Placket,Unhidden Buttons,Fashion Cuff Sleeves,China Collar,31M,Boys
,1qaz1234*&^%!@,11121201321,Thobe - Classic - White - Boys - SFCT - 32S,85,Thobe > Alshiaka > Classic,White,SFCT,Triangle Pocket,Continues,Non Consignment,Triangle Placket,Unhidden Buttons,Fashion Cuff Sleeves,China Collar,32S,Boys
,1qaz1234*&^%!@,11121201331,Thobe - Classic - White - Boys - SFCT - 33S,85,Thobe > Alshiaka > Classic,White,SFCT,Triangle Pocket,Continues,Non Consignment,Triangle Placket,Unhidden Buttons,Fashion Cuff Sleeves,China Collar,33S,Boys
,1qaz1234*&^%!@,11121201332,Thobe - Classic - White - Boys - SFCT - 33M,85,Thobe > Alshiaka > Classic,White,SFCT,Triangle Pocket,Continues,Non Consignment,Triangle Placket,Unhidden Buttons,Fashion Cuff Sleeves,China Collar,33M,Boys
,1qaz1234*&^%!@,11121201341,Thobe - Classic - White - Boys - SFCT - 34S,85,Thobe > Alshiaka > Classic,White,SFCT,Triangle Pocket,Continues,Non Consignment,Triangle Placket,Unhidden Buttons,Fashion Cuff Sleeves,China Collar,34S,Boys
,1qaz1234*&^%!@,11121201351,Thobe - Classic - White - Boys - SFCT - 35S,85,Thobe > Alshiaka > Classic,White,SFCT,Triangle Pocket,Continues,Non Consignment,Triangle Placket,Unhidden Buttons,Fashion Cuff Sleeves,China Collar,35S,Boys
,1qaz1234*&^%!@,11121201361,Thobe - Classic - White - Boys - SFCT - 36S,85,Thobe > Alshiaka > Classic,White,SFCT,Triangle Pocket,Continues,Non Consignment,Triangle Placket,Unhidden Buttons,Fashion Cuff Sleeves,China Collar,36S,Boys
,1qaz1234*&^%!@,11121201371,Thobe - Classic - White - Boys - SFCT - 37S,85,Thobe > Alshiaka > Classic,White,SFCT,Triangle Pocket,Continues,Non Consignment,Triangle Placket,Unhidden Buttons,Fashion Cuff Sleeves,China Collar,37S,Boys
,1qaz1234*&^%!@,11121201372,Thobe - Classic - White - Boys - SFCT - 37M,85,Thobe > Alshiaka > Classic,White,SFCT,Triangle Pocket,Continues,Non Consignment,Triangle Placket,Unhidden Buttons,Fashion Cuff Sleeves,China Collar,37M,Boys
,1qaz1234*&^%!@,11121201381,Thobe - Classic - White - Boys - SFCT - 38S,85,Thobe > Alshiaka > Classic,White,SFCT,Triangle Pocket,Continues,Non Consignment,Triangle Placket,Unhidden Buttons,Fashion Cuff Sleeves,China Collar,38S,Boys
,1qaz1234*&^%!@,11121201382,Thobe - Classic - White - Boys - SFCT - 38M,85,Thobe > Alshiaka > Classic,White,SFCT,Triangle Pocket,Continues,Non Consignment,Triangle Placket,Unhidden Buttons,Fashion Cuff Sleeves,China Collar,38M,Boys
,1qaz1234*&^%!@,11121201391,Thobe - Classic - White - Boys - SFCT - 39S,85,Thobe > Alshiaka > Classic,White,SFCT,Triangle Pocket,Continues,Non Consignment,Triangle Placket,Unhidden Buttons,Fashion Cuff Sleeves,China Collar,39S,Boys
,1qaz1234*&^%!@,11121201401,Thobe - Classic - White - Boys - SFCT - 40S,85,Thobe > Alshiaka > Classic,White,SFCT,Triangle Pocket,Continues,Non Consignment,Triangle Placket,Unhidden Buttons,Fashion Cuff Sleeves,China Collar,40S,Boys
,1qaz1234*&^%!@,11121201402,Thobe - Classic - White - Boys - SFCT - 40M,85,Thobe > Alshiaka > Classic,White,SFCT,Triangle Pocket,Continues,Non Consignment,Triangle Placket,Unhidden Buttons,Fashion Cuff Sleeves,China Collar,40M,Boys
,1qaz1234*&^%!@,11121201411,Thobe - Classic - White - Youth - SFCT - 41S,95,Thobe > Alshiaka > Classic,White,SFCT,Triangle Pocket,Continues,Non Consignment,Triangle Placket,Unhidden Buttons,Fashion Cuff Sleeves,China Collar,41S,Youth
,1qaz1234*&^%!@,11121201421,Thobe - Classic - White - Youth - SFCT - 42S,95,Thobe > Alshiaka > Classic,White,SFCT,Triangle Pocket,Continues,Non Consignment,Triangle Placket,Unhidden Buttons,Fashion Cuff Sleeves,China Collar,42S,Youth
,1qaz1234*&^%!@,11121201431,Thobe - Classic - White - Youth - SFCT - 43S,95,Thobe > Alshiaka > Classic,White,SFCT,Triangle Pocket,Continues,Non Consignment,Triangle Placket,Unhidden Buttons,Fashion Cuff Sleeves,China Collar,43S,Youth
,1qaz1234*&^%!@,11121201432,Thobe - Classic - White - Youth - SFCT - 43M,95,Thobe > Alshiaka > Classic,White,SFCT,Triangle Pocket,Continues,Non Consignment,Triangle Placket,Unhidden Buttons,Fashion Cuff Sleeves,China Collar,43M,Youth
,1qaz1234*&^%!@,11121201441,Thobe - Classic - White - Youth - SFCT - 44S,95,Thobe > Alshiaka > Classic,White,SFCT,Triangle Pocket,Continues,Non Consignment,Triangle Placket,Unhidden Buttons,Fashion Cuff Sleeves,China Collar,44S,Youth
,1qaz1234*&^%!@,11121201443,Thobe - Classic - White - Youth - SFCT - 44L,95,Thobe > Alshiaka > Classic,White,SFCT,Triangle Pocket,Continues,Non Consignment,Triangle Placket,Unhidden Buttons,Fashion Cuff Sleeves,China Collar,44L,Youth
,1qaz1234*&^%!@,11121201451,Thobe - Classic - White - Youth - SFCT - 45S,95,Thobe > Alshiaka > Classic,White,SFCT,Triangle Pocket,Continues,Non Consignment,Triangle Placket,Unhidden Buttons,Fashion Cuff Sleeves,China Collar,45S,Youth
,1qaz1234*&^%!@,11121201452,Thobe - Classic - White - Youth - SFCT - 45M,95,Thobe > Alshiaka > Classic,White,SFCT,Triangle Pocket,Continues,Non Consignment,Triangle Placket,Unhidden Buttons,Fashion Cuff Sleeves,China Collar,45M,Youth
,1qaz1234*&^%!@,11121201453,Thobe - Classic - White - Youth - SFCT - 45L,95,Thobe > Alshiaka > Classic,White,SFCT,Triangle Pocket,Continues,Non Consignment,Triangle Placket,Unhidden Buttons,Fashion Cuff Sleeves,China Collar,45L,Youth
,1qaz1234*&^%!@,11121201461,Thobe - Classic - White - Youth - SFCT - 46S,95,Thobe > Alshiaka > Classic,White,SFCT,Triangle Pocket,Continues,Non Consignment,Triangle Placket,Unhidden Buttons,Fashion Cuff Sleeves,China Collar,46S,Youth
,1qaz1234*&^%!@,11121201462,Thobe - Classic - White - Youth - SFCT - 46M,95,Thobe > Alshiaka > Classic,White,SFCT,Triangle Pocket,Continues,Non Consignment,Triangle Placket,Unhidden Buttons,Fashion Cuff Sleeves,China Collar,46M,Youth
,1qaz1234*&^%!@,11121201463,Thobe - Classic - White - Youth - SFCT - 46L,95,Thobe > Alshiaka > Classic,White,SFCT,Triangle Pocket,Continues,Non Consignment,Triangle Placket,Unhidden Buttons,Fashion Cuff Sleeves,China Collar,46L,Youth
,1qaz1234*&^%!@,11121201471,Thobe - Classic - White - Youth - SFCT - 47S,95,Thobe > Alshiaka > Classic,White,SFCT,Triangle Pocket,Continues,Non Consignment,Triangle Placket,Unhidden Buttons,Fashion Cuff Sleeves,China Collar,47S,Youth
,1qaz1234*&^%!@,11121201472,Thobe - Classic - White - Youth - SFCT - 47M,95,Thobe > Alshiaka > Classic,White,SFCT,Triangle Pocket,Continues,Non Consignment,Triangle Placket,Unhidden Buttons,Fashion Cuff Sleeves,China Collar,47M,Youth
,1qaz1234*&^%!@,11121201473,Thobe - Classic - White - Youth - SFCT - 47L,95,Thobe > Alshiaka > Classic,White,SFCT,Triangle Pocket,Continues,Non Consignment,Triangle Placket,Unhidden Buttons,Fashion Cuff Sleeves,China Collar,47L,Youth
,1qaz1234*&^%!@,11121201481,Thobe - Classic - White - Youth - SFCT - 48S,95,Thobe > Alshiaka > Classic,White,SFCT,Triangle Pocket,Continues,Non Consignment,Triangle Placket,Unhidden Buttons,Fashion Cuff Sleeves,China Collar,48S,Youth
,1qaz1234*&^%!@,11121201482,Thobe - Classic - White - Youth - SFCT - 48M,95,Thobe > Alshiaka > Classic,White,SFCT,Triangle Pocket,Continues,Non Consignment,Triangle Placket,Unhidden Buttons,Fashion Cuff Sleeves,China Collar,48M,Youth
,1qaz1234*&^%!@,11121201483,Thobe - Classic - White - Youth - SFCT - 48L,95,Thobe > Alshiaka > Classic,White,SFCT,Triangle Pocket,Continues,Non Consignment,Triangle Placket,Unhidden Buttons,Fashion Cuff Sleeves,China Collar,48L,Youth
,1qaz1234*&^%!@,11121201484,Thobe - Classic - White - Youth - SFCT - 48XL,95,Thobe > Alshiaka > Classic,White,SFCT,Triangle Pocket,Continues,Non Consignment,Triangle Placket,Unhidden Buttons,Fashion Cuff Sleeves,China Collar,48XL,Youth
,1qaz1234*&^%!@,11121201491,Thobe - Classic - White - Youth - SFCT - 49S,95,Thobe > Alshiaka > Classic,White,SFCT,Triangle Pocket,Continues,Non Consignment,Triangle Placket,Unhidden Buttons,Fashion Cuff Sleeves,China Collar,49S,Youth
,1qaz1234*&^%!@,11121201492,Thobe - Classic - White - Youth - SFCT - 49M,95,Thobe > Alshiaka > Classic,White,SFCT,Triangle Pocket,Continues,Non Consignment,Triangle Placket,Unhidden Buttons,Fashion Cuff Sleeves,China Collar,49M,Youth
,1qaz1234*&^%!@,11121201493,Thobe - Classic - White - Youth - SFCT - 49L,95,Thobe > Alshiaka > Classic,White,SFCT,Triangle Pocket,Continues,Non Consignment,Triangle Placket,Unhidden Buttons,Fashion Cuff Sleeves,China Collar,49L,Youth
,1qaz1234*&^%!@,11121201494,Thobe - Classic - White - Youth - SFCT - 49XL,95,Thobe > Alshiaka > Classic,White,SFCT,Triangle Pocket,Continues,Non Consignment,Triangle Placket,Unhidden Buttons,Fashion Cuff Sleeves,China Collar,49XL,Youth
,1qaz1234*&^%!@,11121201501,Thobe - Classic - White - Youth - SFCT - 50S,95,Thobe > Alshiaka > Classic,White,SFCT,Triangle Pocket,Continues,Non Consignment,Triangle Placket,Unhidden Buttons,Fashion Cuff Sleeves,China Collar,50S,Youth
,1qaz1234*&^%!@,11121201502,Thobe - Classic - White - Youth - SFCT - 50M,95,Thobe > Alshiaka > Classic,White,SFCT,Triangle Pocket,Continues,Non Consignment,Triangle Placket,Unhidden Buttons,Fashion Cuff Sleeves,China Collar,50M,Youth
,1qaz1234*&^%!@,11121201503,Thobe - Classic - White - Youth - SFCT - 50L,95,Thobe > Alshiaka > Classic,White,SFCT,Triangle Pocket,Continues,Non Consignment,Triangle Placket,Unhidden Buttons,Fashion Cuff Sleeves,China Collar,50L,Youth
,1qaz1234*&^%!@,11121201504,Thobe - Classic - White - Youth - SFCT - 50XL,95,Thobe > Alshiaka > Classic,White,SFCT,Triangle Pocket,Continues,Non Consignment,Triangle Placket,Unhidden Buttons,Fashion Cuff Sleeves,China Collar,50XL,Youth
,1qaz1234*&^%!@,11121201511,Thobe - Classic - White - Youth - SFCT - 51S,95,Thobe > Alshiaka > Classic,White,SFCT,Triangle Pocket,Continues,Non Consignment,Triangle Placket,Unhidden Buttons,Fashion Cuff Sleeves,China Collar,51S,Youth
,1qaz1234*&^%!@,11121201512,Thobe - Classic - White - Youth - SFCT - 51M,95,Thobe > Alshiaka > Classic,White,SFCT,Triangle Pocket,Continues,Non Consignment,Triangle Placket,Unhidden Buttons,Fashion Cuff Sleeves,China Collar,51M,Youth
,1qaz1234*&^%!@,11121201513,Thobe - Classic - White - Youth - SFCT - 51L,95,Thobe > Alshiaka > Classic,White,SFCT,Triangle Pocket,Continues,Non Consignment,Triangle Placket,Unhidden Buttons,Fashion Cuff Sleeves,China Collar,51L,Youth
,1qaz1234*&^%!@,11121201514,Thobe - Classic - White - Youth - SFCT - 51XL,95,Thobe > Alshiaka > Classic,White,SFCT,Triangle Pocket,Continues,Non Consignment,Triangle Placket,Unhidden Buttons,Fashion Cuff Sleeves,China Collar,51XL,Youth
,1qaz1234*&^%!@,11121201521,Thobe - Classic - White - Youth - SFCT - 52S,95,Thobe > Alshiaka > Classic,White,SFCT,Triangle Pocket,Continues,Non Consignment,Triangle Placket,Unhidden Buttons,Fashion Cuff Sleeves,China Collar,52S,Youth
,1qaz1234*&^%!@,11121201522,Thobe - Classic - White - Youth - SFCT - 52M,95,Thobe > Alshiaka > Classic,White,SFCT,Triangle Pocket,Continues,Non Consignment,Triangle Placket,Unhidden Buttons,Fashion Cuff Sleeves,China Collar,52M,Youth
,1qaz1234*&^%!@,11121201523,Thobe - Classic - White - Youth - SFCT - 52L,95,Thobe > Alshiaka > Classic,White,SFCT,Triangle Pocket,Continues,Non Consignment,Triangle Placket,Unhidden Buttons,Fashion Cuff Sleeves,China Collar,52L,Youth
,1qaz1234*&^%!@,11121201524,Thobe - Classic - White - Youth - SFCT - 52XL,95,Thobe > Alshiaka > Classic,White,SFCT,Triangle Pocket,Continues,Non Consignment,Triangle Placket,Unhidden Buttons,Fashion Cuff Sleeves,China Collar,52XL,Youth
,1qaz1234*&^%!@,11121101531,Thobe - Classic - White - Men - SST - 53S,110,Thobe > Alshiaka > Classic,White,SST,Triangle Pocket,Continues,Non Consignment,Triangle Placket,Unhidden Buttons,Plain Sleeves,China Collar,53S,Men
,1qaz1234*&^%!@,11121101532,Thobe - Classic - White - Men - SST - 53M,110,Thobe > Alshiaka > Classic,White,SST,Triangle Pocket,Continues,Non Consignment,Triangle Placket,Unhidden Buttons,Plain Sleeves,China Collar,53M,Men
,1qaz1234*&^%!@,11121101533,Thobe - Classic - White - Men - SST - 53L,109,Thobe > Alshiaka > Classic,White,SST,Triangle Pocket,Continues,Non Consignment,Triangle Placket,Unhidden Buttons,Plain Sleeves,China Collar,53L,Men
,1qaz1234*&^%!@,11121101534,Thobe - Classic - White - Men - SST - 53XL,110,Thobe > Alshiaka > Classic,White,SST,Triangle Pocket,Continues,Non Consignment,Triangle Placket,Unhidden Buttons,Plain Sleeves,China Collar,53XL,Men
,1qaz1234*&^%!@,11121101535,Thobe - Classic - White - Men - SST - 53XXL,109,Thobe > Alshiaka > Classic,White,SST,Triangle Pocket,Continues,Non Consignment,Triangle Placket,Unhidden Buttons,Plain Sleeves,China Collar,53XXL,Men
,1qaz1234*&^%!@,11121101541,Thobe - Classic - White - Men - SST - 54S,110,Thobe > Alshiaka > Classic,White,SST,Triangle Pocket,Continues,Non Consignment,Triangle Placket,Unhidden Buttons,Plain Sleeves,China Collar,54S,Men
,1qaz1234*&^%!@,11121101542,Thobe - Classic - White - Men - SST - 54M,110,Thobe > Alshiaka > Classic,White,SST,Triangle Pocket,Continues,Non Consignment,Triangle Placket,Unhidden Buttons,Plain Sleeves,China Collar,54M,Men
,1qaz1234*&^%!@,11121101543,Thobe - Classic - White - Men - SST - 54L,110,Thobe > Alshiaka > Classic,White,SST,Triangle Pocket,Continues,Non Consignment,Triangle Placket,Unhidden Buttons,Plain Sleeves,China Collar,54L,Men
,1qaz1234*&^%!@,11121101544,Thobe - Classic - White - Men - SST - 54XL,110,Thobe > Alshiaka > Classic,White,SST,Triangle Pocket,Continues,Non Consignment,Triangle Placket,Unhidden Buttons,Plain Sleeves,China Collar,54XL,Men
,1qaz1234*&^%!@,11121101545,Thobe - Classic - White - Men - SST - 54XXL,110,Thobe > Alshiaka > Classic,White,SST,Triangle Pocket,Continues,Non Consignment,Triangle Placket,Unhidden Buttons,Plain Sleeves,China Collar,54XXL,Men
,1qaz1234*&^%!@,11121101546,Thobe - Classic - White - Men - SST - 54XXXL,109,Thobe > Alshiaka > Classic,White,SST,Triangle Pocket,Continues,Non Consignment,Triangle Placket,Unhidden Buttons,Plain Sleeves,China Collar,54XXXL,Men
,1qaz1234*&^%!@,11121101551,Thobe - Classic - White - Men - SST - 55S,110,Thobe > Alshiaka > Classic,White,SST,Triangle Pocket,Continues,Non Consignment,Triangle Placket,Unhidden Buttons,Plain Sleeves,China Collar,55S,Men
,1qaz1234*&^%!@,11121101552,Thobe - Classic - White - Men - SST - 55M,110,Thobe > Alshiaka > Classic,White,SST,Triangle Pocket,Continues,Non Consignment,Triangle Placket,Unhidden Buttons,Plain Sleeves,China Collar,55M,Men
,1qaz1234*&^%!@,11121101553,Thobe - Classic - White - Men - SST - 55L,109,Thobe > Alshiaka > Classic,White,SST,Triangle Pocket,Continues,Non Consignment,Triangle Placket,Unhidden Buttons,Plain Sleeves,China Collar,55L,Men
,1qaz1234*&^%!@,11121101554,Thobe - Classic - White - Men - SST - 55XL,110,Thobe > Alshiaka > Classic,White,SST,Triangle Pocket,Continues,Non Consignment,Triangle Placket,Unhidden Buttons,Plain Sleeves,China Collar,55XL,Men
,1qaz1234*&^%!@,11121101555,Thobe - Classic - White - Men - SST - 55XXL,110,Thobe > Alshiaka > Classic,White,SST,Triangle Pocket,Continues,Non Consignment,Triangle Placket,Unhidden Buttons,Plain Sleeves,China Collar,55XXL,Men
,1qaz1234*&^%!@,11121101561,Thobe - Classic - White - Men - SST - 56S,110,Thobe > Alshiaka > Classic,White,SST,Triangle Pocket,Continues,Non Consignment,Triangle Placket,Unhidden Buttons,Plain Sleeves,China Collar,56S,Men
,1qaz1234*&^%!@,11121101562,Thobe - Classic - White - Men - SST - 56M,110,Thobe > Alshiaka > Classic,White,SST,Triangle Pocket,Continues,Non Consignment,Triangle Placket,Unhidden Buttons,Plain Sleeves,China Collar,56M,Men
,1qaz1234*&^%!@,11121101563,Thobe - Classic - White - Men - SST - 56L,110,Thobe > Alshiaka > Classic,White,SST,Triangle Pocket,Continues,Non Consignment,Triangle Placket,Unhidden Buttons,Plain Sleeves,China Collar,56L,Men
,1qaz1234*&^%!@,11121101564,Thobe - Classic - White - Men - SST - 56XL,110,Thobe > Alshiaka > Classic,White,SST,Triangle Pocket,Continues,Non Consignment,Triangle Placket,Unhidden Buttons,Plain Sleeves,China Collar,56XL,Men
,1qaz1234*&^%!@,11121101565,Thobe - Classic - White - Men - SST - 56XXL,110,Thobe > Alshiaka > Classic,White,SST,Triangle Pocket,Continues,Non Consignment,Triangle Placket,Unhidden Buttons,Plain Sleeves,China Collar,56XXL,Men
,1qaz1234*&^%!@,11121101566,Thobe - Classic - White - Men - SST - 56XXXL,110,Thobe > Alshiaka > Classic,White,SST,Triangle Pocket,Continues,Non Consignment,Triangle Placket,Unhidden Buttons,Plain Sleeves,China Collar,56XXXL,Men
,1qaz1234*&^%!@,11121101571,Thobe - Classic - White - Men - SST - 57S,110,Thobe > Alshiaka > Classic,White,SST,Triangle Pocket,Continues,Non Consignment,Triangle Placket,Unhidden Buttons,Plain Sleeves,China Collar,57S,Men
,1qaz1234*&^%!@,11121101572,Thobe - Classic - White - Men - SST - 57M,110,Thobe > Alshiaka > Classic,White,SST,Triangle Pocket,Continues,Non Consignment,Triangle Placket,Unhidden Buttons,Plain Sleeves,China Collar,57M,Men
,1qaz1234*&^%!@,11121101573,Thobe - Classic - White - Men - SST - 57L,110,Thobe > Alshiaka > Classic,White,SST,Triangle Pocket,Continues,Non Consignment,Triangle Placket,Unhidden Buttons,Plain Sleeves,China Collar,57L,Men
,1qaz1234*&^%!@,11121101574,Thobe - Classic - White - Men - SST - 57XL,109,Thobe > Alshiaka > Classic,White,SST,Triangle Pocket,Continues,Non Consignment,Triangle Placket,Unhidden Buttons,Plain Sleeves,China Collar,57XL,Men
,1qaz1234*&^%!@,11121101575,Thobe - Classic - White - Men - SST - 57XXL,110,Thobe > Alshiaka > Classic,White,SST,Triangle Pocket,Continues,Non Consignment,Triangle Placket,Unhidden Buttons,Plain Sleeves,China Collar,57XXL,Men
,1qaz1234*&^%!@,11121101576,Thobe - Classic - White - Men - SST - 57XXXL,110,Thobe > Alshiaka > Classic,White,SST,Triangle Pocket,Continues,Non Consignment,Triangle Placket,Unhidden Buttons,Plain Sleeves,China Collar,57XXXL,Men
,1qaz1234*&^%!@,11121101581,Thobe - Classic - White - Men - SST - 58S,110,Thobe > Alshiaka > Classic,White,SST,Triangle Pocket,Continues,Non Consignment,Triangle Placket,Unhidden Buttons,Plain Sleeves,China Collar,58S,Men
,1qaz1234*&^%!@,11121101582,Thobe - Classic - White - Men - SST - 58M,110,Thobe > Alshiaka > Classic,White,SST,Triangle Pocket,Continues,Non Consignment,Triangle Placket,Unhidden Buttons,Plain Sleeves,China Collar,58M,Men
,1qaz1234*&^%!@,11121101583,Thobe - Classic - White - Men - SST - 58L,110,Thobe > Alshiaka > Classic,White,SST,Triangle Pocket,Continues,Non Consignment,Triangle Placket,Unhidden Buttons,Plain Sleeves,China Collar,58L,Men
,1qaz1234*&^%!@,11121101584,Thobe - Classic - White - Men - SST - 58XL,110,Thobe > Alshiaka > Classic,White,SST,Triangle Pocket,Continues,Non Consignment,Triangle Placket,Unhidden Buttons,Plain Sleeves,China Collar,58XL,Men
,1qaz1234*&^%!@,11121101585,Thobe - Classic - White - Men - SST - 58XXL,110,Thobe > Alshiaka > Classic,White,SST,Triangle Pocket,Continues,Non Consignment,Triangle Placket,Unhidden Buttons,Plain Sleeves,China Collar,58XXL,Men
,1qaz1234*&^%!@,11121101586,Thobe - Classic - White - Men - SST - 58XXXL,109,Thobe > Alshiaka > Classic,White,SST,Triangle Pocket,Continues,Non Consignment,Triangle Placket,Unhidden Buttons,Plain Sleeves,China Collar,58XXXL,Men
,1qaz1234*&^%!@,11121101591,Thobe - Classic - White - Men - SST - 59S,110,Thobe > Alshiaka > Classic,White,SST,Triangle Pocket,Continues,Non Consignment,Triangle Placket,Unhidden Buttons,Plain Sleeves,China Collar,59S,Men
,1qaz1234*&^%!@,11121101592,Thobe - Classic - White - Men - SST - 59M,110,Thobe > Alshiaka > Classic,White,SST,Triangle Pocket,Continues,Non Consignment,Triangle Placket,Unhidden Buttons,Plain Sleeves,China Collar,59M,Men
,1qaz1234*&^%!@,11121101593,Thobe - Classic - White - Men - SST - 59L,109,Thobe > Alshiaka > Classic,White,SST,Triangle Pocket,Continues,Non Consignment,Triangle Placket,Unhidden Buttons,Plain Sleeves,China Collar,59L,Men
,1qaz1234*&^%!@,11121101594,Thobe - Classic - White - Men - SST - 59XL,110,Thobe > Alshiaka > Classic,White,SST,Triangle Pocket,Continues,Non Consignment,Triangle Placket,Unhidden Buttons,Plain Sleeves,China Collar,59XL,Men
,1qaz1234*&^%!@,11121101595,Thobe - Classic - White - Men - SST - 59XXL,110,Thobe > Alshiaka > Classic,White,SST,Triangle Pocket,Continues,Non Consignment,Triangle Placket,Unhidden Buttons,Plain Sleeves,China Collar,59XXL,Men
,1qaz1234*&^%!@,11121101596,Thobe - Classic - White - Men - SST - 59XXXL,110,Thobe > Alshiaka > Classic,White,SST,Triangle Pocket,Continues,Non Consignment,Triangle Placket,Unhidden Buttons,Plain Sleeves,China Collar,59XXXL,Men
,1qaz1234*&^%!@,11121101601,Thobe - Classic - White - Men - SST - 60S,110,Thobe > Alshiaka > Classic,White,SST,Triangle Pocket,Continues,Non Consignment,Triangle Placket,Unhidden Buttons,Plain Sleeves,China Collar,60S,Men
,1qaz1234*&^%!@,11121101602,Thobe - Classic - White - Men - SST - 60M,110,Thobe > Alshiaka > Classic,White,SST,Triangle Pocket,Continues,Non Consignment,Triangle Placket,Unhidden Buttons,Plain Sleeves,China Collar,60M,Men
,1qaz1234*&^%!@,11121101603,Thobe - Classic - White - Men - SST - 60L,110,Thobe > Alshiaka > Classic,White,SST,Triangle Pocket,Continues,Non Consignment,Triangle Placket,Unhidden Buttons,Plain Sleeves,China Collar,60L,Men
,1qaz1234*&^%!@,11121101604,Thobe - Classic - White - Men - SST - 60XL,110,Thobe > Alshiaka > Classic,White,SST,Triangle Pocket,Continues,Non Consignment,Triangle Placket,Unhidden Buttons,Plain Sleeves,China Collar,60XL,Men
,1qaz1234*&^%!@,11121101605,Thobe - Classic - White - Men - SST - 60XXL,110,Thobe > Alshiaka > Classic,White,SST,Triangle Pocket,Continues,Non Consignment,Triangle Placket,Unhidden Buttons,Plain Sleeves,China Collar,60XXL,Men
,1qaz1234*&^%!@,11121101606,Thobe - Classic - White - Men - SST - 60XXXL,110,Thobe > Alshiaka > Classic,White,SST,Triangle Pocket,Continues,Non Consignment,Triangle Placket,Unhidden Buttons,Plain Sleeves,China Collar,60XXXL,Men
,1qaz1234*&^%!@,11121101612,Thobe - Classic - White - Men - SST - 61M,109,Thobe > Alshiaka > Classic,White,SST,Triangle Pocket,Continues,Non Consignment,Triangle Placket,Unhidden Buttons,Plain Sleeves,China Collar,61M,Men
,1qaz1234*&^%!@,11121101613,Thobe - Classic - White - Men - SST - 61L,110,Thobe > Alshiaka > Classic,White,SST,Triangle Pocket,Continues,Non Consignment,Triangle Placket,Unhidden Buttons,Plain Sleeves,China Collar,61L,Men
,1qaz1234*&^%!@,11121101614,Thobe - Classic - White - Men - SST - 61XL,110,Thobe > Alshiaka > Classic,White,SST,Triangle Pocket,Continues,Non Consignment,Triangle Placket,Unhidden Buttons,Plain Sleeves,China Collar,61XL,Men
,1qaz1234*&^%!@,11121101623,Thobe - Classic - White - Men - SST - 62L,110,Thobe > Alshiaka > Classic,White,SST,Triangle Pocket,Continues,Non Consignment,Triangle Placket,Unhidden Buttons,Plain Sleeves,China Collar,62L,Men
,1qaz1234*&^%!@,11121101624,Thobe - Classic - White - Men - SST - 62XL,49,Thobe > Alshiaka > Classic,White,SST,Triangle Pocket,Continues,Non Consignment,Triangle Placket,Unhidden Buttons,Plain Sleeves,China Collar,62XL,Men
,1qaz1234*&^%!@,11121101625,Thobe - Classic - White - Men - SST - 62XXL,110,Thobe > Alshiaka > Classic,White,SST,Triangle Pocket,Continues,Non Consignment,Triangle Placket,Unhidden Buttons,Plain Sleeves,China Collar,62XXL,Men
,1qaz1234*&^%!@,11121101626,Thobe - Classic - White - Men - SST - 62XXXL,110,Thobe > Alshiaka > Classic,White,SST,Triangle Pocket,Continues,Non Consignment,Triangle Placket,Unhidden Buttons,Plain Sleeves,China Collar,62XXXL,Men
,1qaz1234*&^%!@,11121101627,Thobe - Classic - White - Men - SST - 62XXXXL,110,Thobe > Alshiaka > Classic,White,SST,Triangle Pocket,Continues,Non Consignment,Triangle Placket,Unhidden Buttons,Plain Sleeves,China Collar,62XXXXL,Men
,1qaz1234*&^%!@,11121101642,Thobe - Classic - White - Men - SST - 64M,110,Thobe > Alshiaka > Classic,White,SST,Triangle Pocket,Continues,Non Consignment,Triangle Placket,Unhidden Buttons,Plain Sleeves,China Collar,64M,Men
,1qaz1234*&^%!@,11121101643,Thobe - Classic - White - Men - SST - 64L,109,Thobe > Alshiaka > Classic,White,SST,Triangle Pocket,Continues,Non Consignment,Triangle Placket,Unhidden Buttons,Plain Sleeves,China Collar,64L,Men
,1qaz1234*&^%!@,11121101644,Thobe - Classic - White - Men - SST - 64XL,109,Thobe > Alshiaka > Classic,White,SST,Triangle Pocket,Continues,Non Consignment,Triangle Placket,Unhidden Buttons,Plain Sleeves,China Collar,64XL,Men
,1qaz1234*&^%!@,11121101645,Thobe - Classic - White - Men - SST - 64XXL,110,Thobe > Alshiaka > Classic,White,SST,Triangle Pocket,Continues,Non Consignment,Triangle Placket,Unhidden Buttons,Plain Sleeves,China Collar,64XXL,Men
,1qaz1234*&^%!@,11121201531,Thobe - Classic - White - Men - SFCT - 53S,109,Thobe > Alshiaka > Classic,White,SFCT,Triangle Pocket,Continues,Non Consignment,Triangle Placket,Unhidden Buttons,Fashion Cuff Sleeves,China Collar,53S,Men
,1qaz1234*&^%!@,11121201532,Thobe - Classic - White - Men - SFCT - 53M,109,Thobe > Alshiaka > Classic,White,SFCT,Triangle Pocket,Continues,Non Consignment,Triangle Placket,Unhidden Buttons,Fashion Cuff Sleeves,China Collar,53M,Men
,1qaz1234*&^%!@,11121201533,Thobe - Classic - White - Men - SFCT - 53L,110,Thobe > Alshiaka > Classic,White,SFCT,Triangle Pocket,Continues,Non Consignment,Triangle Placket,Unhidden Buttons,Fashion Cuff Sleeves,China Collar,53L,Men
,1qaz1234*&^%!@,11121201534,Thobe - Classic - White - Men - SFCT - 53XL,110,Thobe > Alshiaka > Classic,White,SFCT,Triangle Pocket,Continues,Non Consignment,Triangle Placket,Unhidden Buttons,Fashion Cuff Sleeves,China Collar,53XL,Men
,1qaz1234*&^%!@,11121201541,Thobe - Classic - White - Men - SFCT - 54S,110,Thobe > Alshiaka > Classic,White,SFCT,Triangle Pocket,Continues,Non Consignment,Triangle Placket,Unhidden Buttons,Fashion Cuff Sleeves,China Collar,54S,Men
,1qaz1234*&^%!@,11121201542,Thobe - Classic - White - Men - SFCT - 54M,110,Thobe > Alshiaka > Classic,White,SFCT,Triangle Pocket,Continues,Non Consignment,Triangle Placket,Unhidden Buttons,Fashion Cuff Sleeves,China Collar,54M,Men
,1qaz1234*&^%!@,11121201543,Thobe - Classic - White - Men - SFCT - 54L,110,Thobe > Alshiaka > Classic,White,SFCT,Triangle Pocket,Continues,Non Consignment,Triangle Placket,Unhidden Buttons,Fashion Cuff Sleeves,China Collar,54L,Men
,1qaz1234*&^%!@,11121201544,Thobe - Classic - White - Men - SFCT - 54XL,110,Thobe > Alshiaka > Classic,White,SFCT,Triangle Pocket,Continues,Non Consignment,Triangle Placket,Unhidden Buttons,Fashion Cuff Sleeves,China Collar,54XL,Men
,1qaz1234*&^%!@,11121201551,Thobe - Classic - White - Men - SFCT - 55S,110,Thobe > Alshiaka > Classic,White,SFCT,Triangle Pocket,Continues,Non Consignment,Triangle Placket,Unhidden Buttons,Fashion Cuff Sleeves,China Collar,55S,Men
,1qaz1234*&^%!@,11121201552,Thobe - Classic - White - Men - SFCT - 55M,110,Thobe > Alshiaka > Classic,White,SFCT,Triangle Pocket,Continues,Non Consignment,Triangle Placket,Unhidden Buttons,Fashion Cuff Sleeves,China Collar,55M,Men
,1qaz1234*&^%!@,11121201553,Thobe - Classic - White - Men - SFCT - 55L,110,Thobe > Alshiaka > Classic,White,SFCT,Triangle Pocket,Continues,Non Consignment,Triangle Placket,Unhidden Buttons,Fashion Cuff Sleeves,China Collar,55L,Men
,1qaz1234*&^%!@,11121201554,Thobe - Classic - White - Men - SFCT - 55XL,110,Thobe > Alshiaka > Classic,White,SFCT,Triangle Pocket,Continues,Non Consignment,Triangle Placket,Unhidden Buttons,Fashion Cuff Sleeves,China Collar,55XL,Men
,1qaz1234*&^%!@,11121201561,Thobe - Classic - White - Men - SFCT - 56S,110,Thobe > Alshiaka > Classic,White,SFCT,Triangle Pocket,Continues,Non Consignment,Triangle Placket,Unhidden Buttons,Fashion Cuff Sleeves,China Collar,56S,Men
,1qaz1234*&^%!@,11121201562,Thobe - Classic - White - Men - SFCT - 56M,110,Thobe > Alshiaka > Classic,White,SFCT,Triangle Pocket,Continues,Non Consignment,Triangle Placket,Unhidden Buttons,Fashion Cuff Sleeves,China Collar,56M,Men
,1qaz1234*&^%!@,11121201563,Thobe - Classic - White - Men - SFCT - 56L,110,Thobe > Alshiaka > Classic,White,SFCT,Triangle Pocket,Continues,Non Consignment,Triangle Placket,Unhidden Buttons,Fashion Cuff Sleeves,China Collar,56L,Men
,1qaz1234*&^%!@,11121201564,Thobe - Classic - White - Men - SFCT - 56XL,110,Thobe > Alshiaka > Classic,White,SFCT,Triangle Pocket,Continues,Non Consignment,Triangle Placket,Unhidden Buttons,Fashion Cuff Sleeves,China Collar,56XL,Men
,1qaz1234*&^%!@,11121201565,Thobe - Classic - White - Men - SFCT - 56XXL,109,Thobe > Alshiaka > Classic,White,SFCT,Triangle Pocket,Continues,Non Consignment,Triangle Placket,Unhidden Buttons,Fashion Cuff Sleeves,China Collar,56XXL,Men
,1qaz1234*&^%!@,11121201571,Thobe - Classic - White - Men - SFCT - 57S,110,Thobe > Alshiaka > Classic,White,SFCT,Triangle Pocket,Continues,Non Consignment,Triangle Placket,Unhidden Buttons,Fashion Cuff Sleeves,China Collar,57S,Men
,1qaz1234*&^%!@,11121201572,Thobe - Classic - White - Men - SFCT - 57M,110,Thobe > Alshiaka > Classic,White,SFCT,Triangle Pocket,Continues,Non Consignment,Triangle Placket,Unhidden Buttons,Fashion Cuff Sleeves,China Collar,57M,Men
,1qaz1234*&^%!@,11121201573,Thobe - Classic - White - Men - SFCT - 57L,110,Thobe > Alshiaka > Classic,White,SFCT,Triangle Pocket,Continues,Non Consignment,Triangle Placket,Unhidden Buttons,Fashion Cuff Sleeves,China Collar,57L,Men
,1qaz1234*&^%!@,11121201574,Thobe - Classic - White - Men - SFCT - 57XL,110,Thobe > Alshiaka > Classic,White,SFCT,Triangle Pocket,Continues,Non Consignment,Triangle Placket,Unhidden Buttons,Fashion Cuff Sleeves,China Collar,57XL,Men
,1qaz1234*&^%!@,11121201575,Thobe - Classic - White - Men - SFCT - 57XXL,110,Thobe > Alshiaka > Classic,White,SFCT,Triangle Pocket,Continues,Non Consignment,Triangle Placket,Unhidden Buttons,Fashion Cuff Sleeves,China Collar,57XXL,Men
,1qaz1234*&^%!@,11121201581,Thobe - Classic - White - Men - SFCT - 58S,110,Thobe > Alshiaka > Classic,White,SFCT,Triangle Pocket,Continues,Non Consignment,Triangle Placket,Unhidden Buttons,Fashion Cuff Sleeves,China Collar,58S,Men
,1qaz1234*&^%!@,11121201582,Thobe - Classic - White - Men - SFCT - 58M,110,Thobe > Alshiaka > Classic,White,SFCT,Triangle Pocket,Continues,Non Consignment,Triangle Placket,Unhidden Buttons,Fashion Cuff Sleeves,China Collar,58M,Men
,1qaz1234*&^%!@,11121201583,Thobe - Classic - White - Men - SFCT - 58L,110,Thobe > Alshiaka > Classic,White,SFCT,Triangle Pocket,Continues,Non Consignment,Triangle Placket,Unhidden Buttons,Fashion Cuff Sleeves,China Collar,58L,Men
,1qaz1234*&^%!@,11121201584,Thobe - Classic - White - Men - SFCT - 58XL,110,Thobe > Alshiaka > Classic,White,SFCT,Triangle Pocket,Continues,Non Consignment,Triangle Placket,Unhidden Buttons,Fashion Cuff Sleeves,China Collar,58XL,Men
,1qaz1234*&^%!@,11121201585,Thobe - Classic - White - Men - SFCT - 58XXL,110,Thobe > Alshiaka > Classic,White,SFCT,Triangle Pocket,Continues,Non Consignment,Triangle Placket,Unhidden Buttons,Fashion Cuff Sleeves,China Collar,58XXL,Men
,1qaz1234*&^%!@,11121201591,Thobe - Classic - White - Men - SFCT - 59S,110,Thobe > Alshiaka > Classic,White,SFCT,Triangle Pocket,Continues,Non Consignment,Triangle Placket,Unhidden Buttons,Fashion Cuff Sleeves,China Collar,59S,Men
,1qaz1234*&^%!@,11121201592,Thobe - Classic - White - Men - SFCT - 59M,110,Thobe > Alshiaka > Classic,White,SFCT,Triangle Pocket,Continues,Non Consignment,Triangle Placket,Unhidden Buttons,Fashion Cuff Sleeves,China Collar,59M,Men
,1qaz1234*&^%!@,11121201593,Thobe - Classic - White - Men - SFCT - 59L,110,Thobe > Alshiaka > Classic,White,SFCT,Triangle Pocket,Continues,Non Consignment,Triangle Placket,Unhidden Buttons,Fashion Cuff Sleeves,China Collar,59L,Men
,1qaz1234*&^%!@,11121201594,Thobe - Classic - White - Men - SFCT - 59XL,110,Thobe > Alshiaka > Classic,White,SFCT,Triangle Pocket,Continues,Non Consignment,Triangle Placket,Unhidden Buttons,Fashion Cuff Sleeves,China Collar,59XL,Men
,1qaz1234*&^%!@,11121201595,Thobe - Classic - White - Men - SFCT - 59XXL,110,Thobe > Alshiaka > Classic,White,SFCT,Triangle Pocket,Continues,Non Consignment,Triangle Placket,Unhidden Buttons,Fashion Cuff Sleeves,China Collar,59XXL,Men
,1qaz1234*&^%!@,11121201601,Thobe - Classic - White - Men - SFCT - 60S,110,Thobe > Alshiaka > Classic,White,SFCT,Triangle Pocket,Continues,Non Consignment,Triangle Placket,Unhidden Buttons,Fashion Cuff Sleeves,China Collar,60S,Men
,1qaz1234*&^%!@,11121201602,Thobe - Classic - White - Men - SFCT - 60M,110,Thobe > Alshiaka > Classic,White,SFCT,Triangle Pocket,Continues,Non Consignment,Triangle Placket,Unhidden Buttons,Fashion Cuff Sleeves,China Collar,60M,Men
,1qaz1234*&^%!@,11121201603,Thobe - Classic - White - Men - SFCT - 60L,110,Thobe > Alshiaka > Classic,White,SFCT,Triangle Pocket,Continues,Non Consignment,Triangle Placket,Unhidden Buttons,Fashion Cuff Sleeves,China Collar,60L,Men
,1qaz1234*&^%!@,11121201604,Thobe - Classic - White - Men - SFCT - 60XL,110,Thobe > Alshiaka > Classic,White,SFCT,Triangle Pocket,Continues,Non Consignment,Triangle Placket,Unhidden Buttons,Fashion Cuff Sleeves,China Collar,60XL,Men
,1qaz1234*&^%!@,11121201605,Thobe - Classic - White - Men - SFCT - 60XXL,110,Thobe > Alshiaka > Classic,White,SFCT,Triangle Pocket,Continues,Non Consignment,Triangle Placket,Unhidden Buttons,Fashion Cuff Sleeves,China Collar,60XXL,Men
,1qaz1234*&^%!@,11121201622,Thobe - Classic - White - Men - SFCT - 62M,110,Thobe > Alshiaka > Classic,White,SFCT,Triangle Pocket,Continues,Non Consignment,Triangle Placket,Unhidden Buttons,Fashion Cuff Sleeves,China Collar,62M,Men
,1qaz1234*&^%!@,11121201623,Thobe - Classic - White - Men - SFCT - 62L,110,Thobe > Alshiaka > Classic,White,SFCT,Triangle Pocket,Continues,Non Consignment,Triangle Placket,Unhidden Buttons,Fashion Cuff Sleeves,China Collar,62L,Men
,1qaz1234*&^%!@,11121201624,Thobe - Classic - White - Men - SFCT - 62XL,110,Thobe > Alshiaka > Classic,White,SFCT,Triangle Pocket,Continues,Non Consignment,Triangle Placket,Unhidden Buttons,Fashion Cuff Sleeves,China Collar,62XL,Men
,1qaz1234*&^%!@,11121201625,Thobe - Classic - White - Men - SFCT - 62XXL,110,Thobe > Alshiaka > Classic,White,SFCT,Triangle Pocket,Continues,Non Consignment,Triangle Placket,Unhidden Buttons,Fashion Cuff Sleeves,China Collar,62XXL,Men
,1qaz1234*&^%!@,11121201643,Thobe - Classic - White - Men - SFCT - 64L,110,Thobe > Alshiaka > Classic,White,SFCT,Triangle Pocket,Ramadan,Non Consignment,Triangle Placket,Unhidden Buttons,Fashion Cuff Sleeves,China Collar,64L,Men