"Improved undershirt Round Neck Men White",161113014,72,939.1,13,"الداخليات, الداخليات شياكة, رجال",6,"غير متاح","غير متاح"
"Improved Boxer Men White",171116014,61,742.58,13,"الداخليات, الداخليات شياكة, رجال",6,"غير متاح","غير متاح"
"فانيلة الشياكة المطورة الياقة دائري نص كم",161113014,49,639.12,6,"الداخليات, الداخليات شياكة, رجال",6,"غير متاح","غير متاح"
"Long Serwal Men White",191118014,44,765.2,10,"الداخليات, الداخليات شياكة, رجال",15,"غير متاح","غير متاح"
"ثوب كلاسيك رجالي, أكمام سادة, أبيض",111201014,30,2869.53,14,"الثياب, الشياكة, رجال, كلاسيك",67,"غير متاح","غير متاح"
"سروال داخلي الشياكة المطور",171116014,25,304.34,4,"الداخليات, الداخليات شياكة, رجال",6,"غير متاح","غير متاح"
"ثوب حركات, رجالي",117206014,17,1847.83,8,"الثياب, الشياكة, ثوب المدارس, رجال",67,"غير متاح","غير متاح"
"ثوب كلاسيك رجالي, جبزور مربع, كريمي",111201024,15,1434.75,10,"الثياب, الشياكة, رجال, كلاسيك",67,"غير متاح","غير متاح"
"طقم فانيلة وشورت شبابي الشياكة المطور",151117013,11,172.16,3,"الداخليات, الداخليات شياكة, شباب",4,"غير متاح","غير متاح"
"ثوب الفاخر, رجالي, قماش واقف, أبيض",P111016,9,1948.69,6,"الثياب, الشياكة, رجال, فاخر",50,"غير متاح","غير متاح"
"Underwear Set Youth White",151117013,6,93.92,1,"الداخليات, الداخليات شياكة, شباب",4,"غير متاح","غير متاح"
"School Thobe, Men",117206014,5,543.49,3,"الثياب, الشياكة, ثوب المدارس, رجال",67,"غير متاح","غير متاح"
"Thobe Winter Men 2301 Grey",2301134,5,865.2,5,"الثياب, الشياكة, رجال, مطرز",51,"غير متاح","غير متاح"
"ثوب كلاسيك رجالي, جبزور مثلث, كريمي",111211024,5,478.25,4,"الثياب, الشياكة, رجال, كلاسيك",60,"غير متاح","غير متاح"
"سروال الشياكة المطور, رجالي",191118014,5,86.95,2,"الداخليات, الداخليات شياكة, رجال",15,"غير متاح","غير متاح"
"ري ثوب, رجالي, أسود, 2006",2006104,5,778.25,5,"الثياب, رجال, ري ثوب",49,"غير متاح","غير متاح"
"ري ثوب, رجالي, أبيض, 2005",2005014,4,761.72,4,"الثياب, رجال, ري ثوب",49,"غير متاح","غير متاح"
"ReThobe Men 2008 Brown",2008074,4,518.28,4,"الثياب, رجال, ري ثوب",49,"غير متاح","غير متاح"
"School Thobe, Youth",117206013,4,400,1,"الثياب, الشياكة, ثوب المدارس, شباب",39,"غير متاح","غير متاح"
"ثوب شتوي, رمادي, رجالي, موديل 2301",2301134,4,692.16,4,"الثياب, الشياكة, رجال, مطرز",51,"غير متاح","غير متاح"
"Thobe Winter Men 2300 Brown",2300074,4,456.51,4,"الثياب, الشياكة, رجال, مطرز",51,"غير متاح","غير متاح"
"ثوب شتوي, أسود رمادي, رجالي, موديل 2296",2296394,4,521.72,4,"الثياب, الشياكة, رجال, مطرز",64,"غير متاح","غير متاح"
"ثوب حركات, شبابي",117206013,4,400,3,"الثياب, الشياكة, ثوب المدارس, شباب",39,"غير متاح","غير متاح"
"ReThobe Men 2006 Black",2006104,3,428.04,3,"الثياب, رجال, ري ثوب",49,"غير متاح","غير متاح"
"سروال الشياكة المطور, شبابي",191118013,3,44.35,2,"الداخليات, الداخليات شياكة, شباب",10,"غير متاح","غير متاح"
"Improved Undershirt High Neck Men White",161114014,3,39.13,1,"الداخليات, الداخليات شياكة, رجال",6,"غير متاح","غير متاح"
"ثوب شتوي, رمادي مزرق, رجالي, موديل 2297,",2297404,3,391.29,3,"الثياب, الشياكة, رجال, مطرز",58,"غير متاح","غير متاح"
"ري ثوب, ولادي, أسود, 2006",2006102,3,326.09,1,"أولاد, الثياب, ري ثوب",16,"غير متاح","غير متاح"
"ثوب زخرفات, أبيض, رجالي, 2287",2287014,3,466.95,3,"الثياب, الشياكة, رجال, مطرز",51,"غير متاح","غير متاح"
"Thobe Classic SS Men White",111201014,3,286.95,2,"الثياب, الشياكة, رجال, كلاسيك",67,"غير متاح","غير متاح"
"ثوب كلاسيك رجالي, أكمام كبك, كريمي",111210024,3,286.95,3,"الثياب, الشياكة, رجال, كلاسيك",67,"غير متاح","غير متاح"
"Premium Thobe Men Cream Vintage",P111025,2,380.87,1,"الثياب, الشياكة, رجال, فاخر",50,"غير متاح","غير متاح"
"ثوب شتوي, كحلي, شبابي موديل 2293",2293253,2,217.4,1,"الثياب, الشياكة, شباب, مطرز",35,"غير متاح","غير متاح"
"School Thobe, White, Boys",117206012,2,165.22,1,"أولاد, الثياب, الشياكة, ثوب المدارس",14,"غير متاح","غير متاح"
"سروال الشياكة المطور, ولادي",191118012,2,26.09,1,"أولاد, الداخليات, الداخليات شياكة",11,"غير متاح","غير متاح"
"بيجامه منزليه, أزرق, رجالي, 2362",111341294,2,241.74,2,"بيجاما, ملابس الراحة",6,"غير متاح","غير متاح"
"Versace Boxer 19V69, White Men",172516014,2,78.26,1,"الداخليات, الداخليات فرزاتشي, رجال, فيرزاتشي",6,"غير متاح","غير متاح"
"ثوب كلاسيك رجالي, جبزور مثلث, أبيض",111211014,2,191.3,2,"الثياب, الشياكة, رجال, كلاسيك",65,"غير متاح","غير متاح"
"ReThobe Youth 2148 D.Grey",2148123,2,339.14,1,"الثياب, ري ثوب, شباب",34,"غير متاح","غير متاح"
"ري ثوب, رجالي, أبيض, 2017",2017014,2,380.86,2,"الثياب, رجال, ري ثوب",49,"غير متاح","غير متاح"
"ثوب شتوي, كحلي, رجالي, موديل 2293",2293254,2,260.86,2,"الثياب, الشياكة, رجال, مطرز",49,"غير متاح","غير متاح"
"ثوب زخرفات, أبيض, شبابي, 7724",7724093,2,313.04,1,"الثياب, الشياكة, شباب, مطرز",30,"غير متاح","غير متاح"
"Thobe Embroidered Men 2016 White",2016014,2,346.08,2,"الثياب, الشياكة, رجال, مطرز",50,"غير متاح","غير متاح"
"Thobe Embroidered Men 2023 White",2023014,2,415.66,2,"الثياب, الشياكة, رجال, مطرز",50,"غير متاح","غير متاح"
"Nightrobe Short Sleeves Dark Gray Men, 2329",121134994,2,139.14,2,"جلابية, ملابس الراحة",10,"غير متاح","غير متاح"
"ثوب حركات سحاب, ولادي, أبيض",117206012,2,165.22,1,"أولاد, الثياب, الشياكة, ثوب المدارس",14,"غير متاح","غير متاح"
"فانيلة فيرزاتشي, 100% أفضل أنواع القطن سوبيما",162513014,2,95.66,1,"الداخليات, الداخليات فرزاتشي, رجال, فيرزاتشي",6,"غير متاح","غير متاح"
"جلابية أكمام طويلة, رمادي غامق, رجالي, 2319",121133014,2,208.7,2,"جلابية, ملابس الراحة",10,"غير متاح","غير متاح"
"ReThobe Men 2017 White",2017014,2,359.13,2,"الثياب, رجال, ري ثوب",49,"غير متاح","غير متاح"
"ثوب كلاسيك شبابي, أكمام سادة, أبيض",111201013,2,165.22,2,"الثياب, الشياكة, شباب, كلاسيك",39,"غير متاح","غير متاح"
"سروال الشياكة المطور, ولادي",191118012,2,26.09,1,"أولاد, الداخليات, الداخليات شياكة",11,"غير متاح","غير متاح"
"بيجامه منزليه, أزرق, رجالي, 2362",111341294,2,241.74,2,"بيجاما, ملابس الراحة",6,"غير متاح","غير متاح"
"Versace Boxer 19V69, White Men",172516014,2,78.26,1,"الداخليات, الداخليات فرزاتشي, رجال, فيرزاتشي",6,"غير متاح","غير متاح"
"ثوب كلاسيك رجالي, جبزور مثلث, أبيض",111211014,2,191.3,2,"الثياب, الشياكة, رجال, كلاسيك",65,"غير متاح","غير متاح"
"Thobe Embroidered Men 2015 White",2015014,1,207.83,1,"الثياب, الشياكة, رجال, مطرز",50,"غير متاح","غير متاح"
"ثوب كلاسيك شبابي, جبزور مثلث, أبيض",111211013,1,82.61,1,"الثياب, الشياكة, شباب, كلاسيك",39,"غير متاح","غير متاح"
"ثوب أعمال, رجالي, أبيض, جبزور مربع, 2128",1193014,1,156.52,1,"الثياب, الشياكة, رجال, مطرز",33,"غير متاح","غير متاح"
"Nightrobe Short Sleeves Gray Men, 2326",121134264,1,69.57,1,"جلابية, ملابس الراحة",15,"غير متاح","غير متاح"
"Thobe Business Men 2022 White",2022014,1,156.52,1,"الثياب, الشياكة, رجال, مطرز",49,"غير متاح","غير متاح"
"Shemagh Versace 19V69 Dark Red, Men",215253034,1,303.48,1,"الغتر و الاشمغة, رجال, فيرزاتشي, فيرزاتشي",3,"غير متاح","غير متاح"
"Thobe Classic SFCT Boys White",111212012,1,73.91,1,"أولاد, الثياب, الشياكة, كلاسيك",20,"غير متاح","غير متاح"
"شماغ الشياكة شبابي, أحمر غامق 2423",242323,1,73.91,1,"الشياكة, الغتر و الاشمغة, شباب, شماغ",3,"غير متاح","غير متاح"
"سروال طويل بشريط مطاطي, سكري, 236703",111344034,1,60,1,"بنطلون و شورت, ملابس الراحة",6,"غير متاح","غير متاح"
"ReThobe Child 2263 White",2263011,1,117.39,1,"اطفال, الثياب, ري ثوب",4,"غير متاح","غير متاح"
"ReThobe Boys 2286 Navy Blue",2286252,1,134.78,1,"أولاد, الثياب, ري ثوب",16,"غير متاح","غير متاح"
"ثوب أعمال, رجالي, أبيض, 2022",2022014,1,156.52,1,"الثياب, الشياكة, رجال, مطرز",49,"غير متاح","غير متاح"
"ثوب شتوي موديل 2300, لون بني",2300074,1,130.43,1,"الثياب, الشياكة, رجال, مطرز",51,"غير متاح","غير متاح"
"Nightrobe Short Sleeves Gray Men, 2328",121134284,1,69.57,1,"جلابية, ملابس الراحة",10,"غير متاح","غير متاح"
"ري ثوب, رجالي, أبيض, 2020",2020014,1,190.43,1,"الثياب, رجال, ري ثوب",49,"غير متاح","غير متاح"
"Thobe Embroidered Men 2287 White",2287014,1,116.74,1,"الثياب, الشياكة, رجال, مطرز",51,"غير متاح","غير متاح"
"Shemagh Alshiaka Prime Light Red Men, 2420",242014,1,126.09,1,"الشياكة, الغتر و الاشمغة, رجال, شماغ",4,"غير متاح","غير متاح"
"Thobe Classic SS Youth White",111201013,1,82.61,1,"الثياب, الشياكة, شباب, كلاسيك",39,"غير متاح","غير متاح"
"Thobe Business Men, White, Square 2128",1193014,1,156.52,1,"الثياب, الشياكة, رجال, مطرز",33,"غير متاح","غير متاح"
"ثوب زخرفات, أبيض, رجالي, 7724",7724094,1,190.43,1,"الثياب, الشياكة, رجال, مطرز",49,"غير متاح","غير متاح"
"فانيلة الشياكة المطورة خناقي نص كم",161114014,1,13.04,1,"الداخليات, الداخليات شياكة, رجال",6,"غير متاح","غير متاح"
"سروال طويل بشريط مطاطي, كحلي, 236725",111344254,1,60,1,"بنطلون و شورت, ملابس الراحة",6,"غير متاح","غير متاح"
"Alshiaka Vest Cream",V2001201,1,103.48,1,"جاكيت و سديري, جاكيت وسديري",8,"غير متاح","غير متاح"
"Thobe Classic SFC Youth Cream",111210023,1,82.61,1,"الثياب, الشياكة, شباب, كلاسيك",39,"غير متاح","غير متاح"
"شماغ الشياكة برايم, رجالي, أبيض 2110",211034,1,126.09,1,"الشياكة, الغتر و الاشمغة, رجال, شماغ",4,"غير متاح","غير متاح"
"ري ثوب, ,شبابي, رمادي فاتح, 2137",2137143,1,169.57,1,"الثياب, ري ثوب, شباب",35,"غير متاح","غير متاح"
"ReThobe Men 2009 Navy Blue",2009254,1,173.04,1,"الثياب, رجال, ري ثوب",49,"غير متاح","غير متاح"
"Thobe Embroidered Men 2288 White",2288014,1,155.65,1,"الثياب, الشياكة, رجال, مطرز",51,"غير متاح","غير متاح"
"ثوب كلاسيك رجالي, أكمام كبك, أبيض",111210014,1,95.65,1,"الثياب, الشياكة, رجال, كلاسيك",67,"غير متاح","غير متاح"
"Shemagh Alshiaka Prime White Men, 2421",242134,1,126.09,1,"الشياكة, الغتر و الاشمغة, رجال, شماغ",4,"غير متاح","غير متاح"
"ثوب الفاخر, رجالي, قماش طايح, أبيض",P111015,1,190.43,1,"الثياب, الشياكة, رجال, فاخر",51,"غير متاح","غير متاح"
"بيجامه منزليه, اخضر, رجالي, 2357",111341334,1,120.87,1,"بيجاما, ملابس الراحة",6,"غير متاح","غير متاح"
"سديري الشياكة, كريمي",V2001201,1,103.48,1,"جاكيت و سديري, جاكيت وسديري",8,"غير متاح","غير متاح"
"Thobe Classic SFCT Men Cream",111212024,1,95.65,1,"الثياب, الشياكة, رجال, كلاسيك",61,"غير متاح","غير متاح"
"Thobe Winter Men 2296 Stone",2296394,1,130.43,1,"الثياب, الشياكة, رجال, مطرز",64,"غير متاح","غير متاح"
"ثوب زخرفات, أبيض, رجالي, 2288",2288014,1,155.65,1,"الثياب, الشياكة, رجال, مطرز",51,"غير متاح","غير متاح"
"شماغ الشياكة برايم, رجالي, أبيض 2113",211334,1,91.3,1,"الشياكة, الغتر و الاشمغة, رجال, شماغ",4,"غير متاح","غير متاح"
"ري ثوب, رجالي, رمادي, 2140",2140134,1,190.43,1,"الثياب, رجال, ري ثوب",50,"غير متاح","غير متاح"
"Thobe Embroidered Boys 2289 Cream",2289022,1,134.78,1,"أولاد, الثياب, الشياكة, مطرز",16,"غير متاح","غير متاح"
"ثوب الشياكة أعمال, كريمي, جبزور مربع, 2128",2128024,1,156.52,1,"الثياب, الشياكة, رجال, مطرز",33,"غير متاح","غير متاح"
"سروال داخلي فيرزاتشي ,100% أفضل أنواع القطن سوبيما",172516014,1,39.13,1,"الداخليات, الداخليات فرزاتشي, رجال, فيرزاتشي",6,"غير متاح","غير متاح"
"ري ثوب, رجالي, بني, 2008",2008074,1,129.57,1,"الثياب, رجال, ري ثوب",49,"غير متاح","غير متاح"
"Shemagh Alshiaka Prime Dark Red Men, 2421",242124,1,126.09,1,"الشياكة, الغتر و الاشمغة, رجال, شماغ",4,"غير متاح","غير متاح"
"Thobe Classic SST Men White",111211014,1,95.65,1,"الثياب, الشياكة, رجال, كلاسيك",65,"غير متاح","غير متاح"
"ثوب شتوي, أسود, رجالي, موديل 2291",2291104,1,130.43,1,"الثياب, الشياكة, رجال, مطرز",40,"غير متاح","غير متاح"
"Thobe Classic SST Youth Cream",111211023,1,82.61,1,"الثياب, الشياكة, شباب, كلاسيك",32,"غير متاح","غير متاح"
"ثوب زخرفات, أبيض, رجالي, 2002",2002014,1,207.83,1,"الثياب, الشياكة, رجال, مطرز",51,"غير متاح","غير متاح"
"غترة فويل من فيرزاتشي 19V69, رجالي",214253204,1,247.83,1,"الغتر و الاشمغة, رجال, فيرزاتشي, فيرزاتشي",4,"غير متاح","غير متاح"
"جلابية أكمام طويلة, بيج فاتح, رجالي, 2323",121133904,1,69.57,1,"جلابية, ملابس الراحة",10,"غير متاح","غير متاح"
"ري ثوب, ولادي, رمادي, 2142",2142132,1,134.78,1,"أولاد, الثياب, ري ثوب",16,"غير متاح","غير متاح"
"ReThobe Men 2144 Beige",2144054,1,168.7,1,"الثياب, رجال, ري ثوب",52,"غير متاح","غير متاح"
"Thobe Embroidered Men 2013 White",2013014,1,190.43,1,"الثياب, الشياكة, رجال, مطرز",101,"غير متاح","غير متاح"
"ثوب الشياكة المطور, كريمي, رجالي, 2130",1110024,1,130.43,1,"الثياب, الشياكة, رجال, مطرز",39,"غير متاح","غير متاح"
"ري ثوب, رجالي, كحلي, 2009",2009254,1,173.04,1,"الثياب, رجال, ري ثوب",49,"غير متاح","غير متاح"
"ReThobe Youth 2006 Black",2006103,1,126.09,1,"الثياب, ري ثوب, شباب",29,"غير متاح","غير متاح"
"ثوب  كلاسيك شبابي, أكمام كبك, كريمي",111212023,1,82.61,1,"الثياب, الشياكة, شباب, كلاسيك",24,"غير متاح","غير متاح"
"Shemagh Alshiaka Prime Cream Color Men, 2110",211044,1,126.09,1,"الشياكة, الغتر و الاشمغة, رجال, شماغ",4,"غير متاح","غير متاح"
"Thobe Classic SST Men Cream",111211024,1,95.65,1,"الثياب, الشياكة, رجال, كلاسيك",60,"غير متاح","غير متاح"
"Thobe Winter Men 2297 Bluish Grey",2297404,1,130.43,1,"الثياب, الشياكة, رجال, مطرز",58,"غير متاح","غير متاح"
"ثوب زخرفات, أبيض, رجالي, 2023",2023014,1,207.83,1,"الثياب, الشياكة, رجال, مطرز",50,"غير متاح","غير متاح"
"شماغ الشياكة رجالي, أحمر فاتح 2422",242214,1,91.3,1,"الشياكة, الغتر و الاشمغة, رجال, شماغ",4,"غير متاح","غير متاح"
"جلابية نص كم, رمادي غامق, رجالي, 2329",121134994,1,69.57,1,"جلابية, ملابس الراحة",10,"غير متاح","غير متاح"
