ID,Parent SKU,SKU,Description,Regular price,Brand,Cat,Color,Prime style,Pocket shape,Collection name,Consignment,Placket Shape,Placket Type,Sleeves type,Collar type,Size,Generation
,,#p30211#,شماغ - الشياكة - رجالي - 44,25,,Headgear>Alshiaka>Shumagh,,,,,,,,,,,
,#p30211#,301810211,شماغ - الشياكة - رجالي - 58,30,Alshiaka,Headgear>Alshiaka>Shumagh,Red,Chinese Shumagh Red,NA,Seasonal,Non Consignment,NA,NA,NA,NA,44,Men
,#p30211#,302201221,شماغ - الشياكة - رجالي - 38,25,Alshiaka,Headgear>Alshiaka>Shumagh,White,Chinese Shumagh White,NA,Seasonal,Non Consignment,NA,NA,NA,NA,58,Men
,#p30211#,302202208,شماغ - الشياكة - شباب - 52,25,Alshiaka,Headgear>Alshiaka>Shumagh,White,Chinese Shumagh White,NA,Seasonal,Non Consignment,NA,NA,NA,NA,38,Men
,#p30211#,302202216,شماغ - الشياكة - رجالي - 62,30,Alshiaka,Headgear>Alshiaka>Shumagh,Cream,Chinese Shumagh Cream,NA,Seasonal,Non Consignment,NA,NA,NA,NA,52,Youth
,#p30211#,302210223,شماغ - الشياكة - رجالي - 58,30,Alshiaka,Headgear>Alshiaka>Shumagh,Red,Chinese Shumagh Red,NA,Seasonal,Non Consignment,NA,NA,NA,NA,62,Men
,#p30211#,302602221,شماغ - الشياكة - رجالي - 60,30,Alshiaka,Headgear>Alshiaka>Shumagh,Cream,Chinese Shumagh Cream,NA,Seasonal,Non Consignment,NA,NA,NA,NA,58,Men
,#p30211#,302602222,شماغ - الشياكة - رجالي - 60,30,Alshiaka,Headgear>Alshiaka>Shumagh,Cream,Chinese Shumagh Cream,NA,Seasonal,Non Consignment,NA,NA,NA,NA,60,Men
,#p30211#,303411222,شماغ - الشياكة - رجالي - 62,30,Alshiaka,Headgear>Alshiaka>Shumagh,Cream,Chinese Shumagh Cream,NA,Seasonal,Non Consignment,NA,NA,NA,NA,60,Men
,#p30211#,303411223,شماغ - الشياكة - شباب - 46,55,Alshiaka,Headgear>Alshiaka>Shumagh,Cream,Chinese Shumagh Cream,NA,Seasonal,Non Consignment,NA,NA,NA,NA,62,Men
,#p30211#,305201213,شماغ - الشياكة - رجالي - 38,25,Alshiaka,Headgear>Alshiaka>Shumagh,White,Chinese Shumagh White,NA,Seasonal,Non Consignment,NA,NA,NA,NA,46,Youth
,#p30211#,322010208,شماغ - الشياكة - رجالي - 38,25,Alshiaka,Headgear>Alshiaka>Shumagh,Red,Chinese Shumagh Red,NA,Seasonal,Non Consignment,NA,NA,NA,NA,38,Men
,#p30211#,322202208,شماغ - الشياكة - رجالي - 42,25,Alshiaka,Headgear>Alshiaka>Shumagh,White,Chinese Shumagh White,NA,Seasonal,Non Consignment,NA,NA,NA,NA,38,Men
,#p30211#,322202210,شماغ - الشياكة - شباب - 46,25,Alshiaka,Headgear>Alshiaka>Shumagh,Cream,Chinese Shumagh Cream,NA,Seasonal,Non Consignment,NA,NA,NA,NA,42,Men
,#p30211#,322202212,شماغ - الشياكة - شباب - 50,25,Alshiaka,Headgear>Alshiaka>Shumagh,Cream,Chinese Shumagh Cream,NA,Seasonal,Non Consignment,NA,NA,NA,NA,46,Youth
,#p30211#,322202214,شماغ - الشياكة - شباب - 52,25,Alshiaka,Headgear>Alshiaka>Shumagh,Cream,Chinese Shumagh Cream,NA,Seasonal,Non Consignment,NA,NA,NA,NA,50,Youth
,#p30211#,322202216,شماغ - الشياكة - رجالي - 55,30,Alshiaka,Headgear>Alshiaka>Shumagh,Cream,Chinese Shumagh Cream,NA,Seasonal,Non Consignment,NA,NA,NA,NA,52,Youth
,#p30211#,322202219,شماغ - الشياكة - رجالي - 38,25,Alshiaka,Headgear>Alshiaka>Shumagh,Cream,Chinese Shumagh Cream,NA,Seasonal,Non Consignment,NA,NA,NA,NA,55,Men
,#p30211#,322301208,شماغ - الشياكة - رجالي - 38,25,Alshiaka,Headgear>Alshiaka>Shumagh,White,Chinese Shumagh White,NA,Seasonal,Non Consignment,NA,NA,NA,NA,38,Men
,#p30211#,322410208,شماغ - الشياكة - رجالي - 42,25,Alshiaka,Headgear>Alshiaka>Shumagh,Red,Chinese Shumagh Red,NA,Seasonal,Non Consignment,NA,NA,NA,NA,38,Men
,#p30211#,322410210,شماغ - الشياكة - رجالي - 55,30,Alshiaka,Headgear>Alshiaka>Shumagh,Red,Chinese Shumagh Red,NA,Seasonal,Non Consignment,NA,NA,NA,NA,42,Men
,#p30211#,327901219,شماغ - الشياكة - رجالي - 62,30,Alshiaka,Headgear>Alshiaka>Shumagh,White,Chinese Shumagh White,NA,Seasonal,Non Consignment,NA,NA,NA,NA,55,Men
,#p30211#,327901223,شماغ - الشياكة - رجالي - 55,30,Alshiaka,Headgear>Alshiaka>Shumagh,White,Chinese Shumagh White,NA,Seasonal,Non Consignment,NA,NA,NA,NA,62,Men
,#p30211#,327902219,شماغ - الشياكة - رجالي - 58,30,Alshiaka,Headgear>Alshiaka>Shumagh,Cream,Chinese Shumagh Cream,NA,Seasonal,Non Consignment,NA,NA,NA,NA,55,Men
,#p30211#,327902221,شماغ - الشياكة - رجالي - 60,30,Alshiaka,Headgear>Alshiaka>Shumagh,Cream,Chinese Shumagh Cream,NA,Seasonal,Non Consignment,NA,NA,NA,NA,58,Men
,#p30211#,327902222,شماغ - الشياكة - رجالي - 62,30,Alshiaka,Headgear>Alshiaka>Shumagh,Cream,Chinese Shumagh Cream,NA,Seasonal,Non Consignment,NA,NA,NA,NA,60,Men
,#p30211#,327902223,شماغ - الشياكة - رجالي - 55,30,Alshiaka,Headgear>Alshiaka>Shumagh,Cream,Chinese Shumagh Cream,NA,Seasonal,Non Consignment,NA,NA,NA,NA,62,Men
,#p30211#,328001219,شماغ - الشياكة - رجالي - 58,30,Alshiaka,Headgear>Alshiaka>Shumagh,White,Chinese Shumagh White,NA,Seasonal,Non Consignment,NA,NA,NA,NA,55,Men
,#p30211#,328001221,شماغ - الشياكة - رجالي - 62,30,Alshiaka,Headgear>Alshiaka>Shumagh,White,Chinese Shumagh White,NA,Seasonal,Non Consignment,NA,NA,NA,NA,58,Men
,#p30211#,328001223,شماغ - الشياكة - رجالي - 55,30,Alshiaka,Headgear>Alshiaka>Shumagh,White,Chinese Shumagh White,NA,Seasonal,Non Consignment,NA,NA,NA,NA,62,Men
,#p30211#,328010219,شماغ - الشياكة - رجالي - 58,30,Alshiaka,Headgear>Alshiaka>Shumagh,Red,Chinese Shumagh Red,NA,Seasonal,Non Consignment,NA,NA,NA,NA,55,Men
,#p30211#,328010221,شماغ - الشياكة - رجالي - 60,30,Alshiaka,Headgear>Alshiaka>Shumagh,Red,Chinese Shumagh Red,NA,Seasonal,Non Consignment,NA,NA,NA,NA,58,Men
,#p30211#,328010222,شماغ - الشياكة - رجالي - 62,30,Alshiaka,Headgear>Alshiaka>Shumagh,Red,Chinese Shumagh Red,NA,Seasonal,Non Consignment,NA,NA,NA,NA,60,Men
,#p30211#,328010223,شماغ - الشياكة - رجالي - 42,25,Alshiaka,Headgear>Alshiaka>Shumagh,Red,Chinese Shumagh Red,NA,Seasonal,Non Consignment,NA,NA,NA,NA,62,Men
,#p30211#,328101210,شماغ - الشياكة - شباب - 52,25,Alshiaka,Headgear>Alshiaka>Shumagh,White,Chinese Shumagh White,NA,Seasonal,Non Consignment,NA,NA,NA,NA,42,Men
,#p30211#,328101216,شماغ - الشياكة - رجالي - 55,30,Alshiaka,Headgear>Alshiaka>Shumagh,White,Chinese Shumagh White,NA,Seasonal,Non Consignment,NA,NA,NA,NA,52,Youth
,#p30211#,328101219,شماغ - الشياكة - رجالي - 60,30,Alshiaka,Headgear>Alshiaka>Shumagh,White,Chinese Shumagh White,NA,Seasonal,Non Consignment,NA,NA,NA,NA,55,Men
,#p30211#,328101222,شماغ - الشياكة - رجالي - 62,30,Alshiaka,Headgear>Alshiaka>Shumagh,White,Chinese Shumagh White,NA,Seasonal,Non Consignment,NA,NA,NA,NA,60,Men
,#p30211#,328101223,شماغ - الشياكة - رجالي - 42,25,Alshiaka,Headgear>Alshiaka>Shumagh,White,Chinese Shumagh White,NA,Seasonal,Non Consignment,NA,NA,NA,NA,62,Men
,#p30211#,328102210,شماغ - الشياكة - شباب - 46,25,Alshiaka,Headgear>Alshiaka>Shumagh,Cream,Chinese Shumagh Cream,NA,Seasonal,Non Consignment,NA,NA,NA,NA,42,Men
,#p30211#,328102212,شماغ - الشياكة - شباب - 50,25,Alshiaka,Headgear>Alshiaka>Shumagh,Cream,Chinese Shumagh Cream,NA,Seasonal,Non Consignment,NA,NA,NA,NA,46,Youth
,#p30211#,328102214,شماغ - الشياكة - شباب - 52,25,Alshiaka,Headgear>Alshiaka>Shumagh,Cream,Chinese Shumagh Cream,NA,Seasonal,Non Consignment,NA,NA,NA,NA,50,Youth
,#p30211#,328102216,شماغ - الشياكة - رجالي - 55,30,Alshiaka,Headgear>Alshiaka>Shumagh,Cream,Chinese Shumagh Cream,NA,Seasonal,Non Consignment,NA,NA,NA,NA,52,Youth
,#p30211#,328102219,شماغ - الشياكة - رجالي - 58,30,Alshiaka,Headgear>Alshiaka>Shumagh,Cream,Chinese Shumagh Cream,NA,Seasonal,Non Consignment,NA,NA,NA,NA,55,Men
,#p30211#,328102221,شماغ - الشياكة - رجالي - 60,30,Alshiaka,Headgear>Alshiaka>Shumagh,Cream,Chinese Shumagh Cream,NA,Seasonal,Non Consignment,NA,NA,NA,NA,58,Men
,#p30211#,328102222,شماغ - الشياكة - رجالي - 62,30,Alshiaka,Headgear>Alshiaka>Shumagh,Cream,Chinese Shumagh Cream,NA,Seasonal,Non Consignment,NA,NA,NA,NA,60,Men
,#p30211#,328102223,شماغ - الشياكة - رجالي - 42,25,Alshiaka,Headgear>Alshiaka>Shumagh,Cream,Chinese Shumagh Cream,NA,Seasonal,Non Consignment,NA,NA,NA,NA,62,Men
,#p30211#,328110210,شماغ - الشياكة - شباب - 46,25,Alshiaka,Headgear>Alshiaka>Shumagh,Red,Chinese Shumagh Red,NA,Seasonal,Non Consignment,NA,NA,NA,NA,42,Men
,#p30211#,328110212,شماغ - الشياكة - شباب - 50,25,Alshiaka,Headgear>Alshiaka>Shumagh,Red,Chinese Shumagh Red,NA,Seasonal,Non Consignment,NA,NA,NA,NA,46,Youth
,#p30211#,328110214,شماغ - الشياكة - شباب - 52,25,Alshiaka,Headgear>Alshiaka>Shumagh,Red,Chinese Shumagh Red,NA,Seasonal,Non Consignment,NA,NA,NA,NA,50,Youth
,#p30211#,328110216,شماغ - الشياكة - رجالي - 55,30,Alshiaka,Headgear>Alshiaka>Shumagh,Red,Chinese Shumagh Red,NA,Seasonal,Non Consignment,NA,NA,NA,NA,52,Youth
,#p30211#,328110219,شماغ - الشياكة - رجالي - 58,30,Alshiaka,Headgear>Alshiaka>Shumagh,Red,Chinese Shumagh Red,NA,Seasonal,Non Consignment,NA,NA,NA,NA,55,Men
,#p30211#,328110221,شماغ - الشياكة - رجالي - 60,30,Alshiaka,Headgear>Alshiaka>Shumagh,Red,Chinese Shumagh Red,NA,Seasonal,Non Consignment,NA,NA,NA,NA,58,Men
,#p30211#,328110222,شماغ - الشياكة - رجالي - 62,30,Alshiaka,Headgear>Alshiaka>Shumagh,Red,Chinese Shumagh Red,NA,Seasonal,Non Consignment,NA,NA,NA,NA,60,Men
,#p30211#,328110223,شماغ - الشياكة - رجالي - 55,30,Alshiaka,Headgear>Alshiaka>Shumagh,Red,Chinese Shumagh Red,NA,Seasonal,Non Consignment,NA,NA,NA,NA,62,Men
,#p30211#,328201219,شماغ - الشياكة - رجالي - 60,30,Alshiaka,Headgear>Alshiaka>Shumagh,White,Chinese Shumagh White,NA,Seasonal,Non Consignment,NA,NA,NA,NA,55,Men
,#p30211#,328201222,شماغ - الشياكة - رجالي - 62,30,Alshiaka,Headgear>Alshiaka>Shumagh,White,Chinese Shumagh White,NA,Seasonal,Non Consignment,NA,NA,NA,NA,60,Men
,#p30211#,328201223,شماغ - الشياكة - رجالي - 55,30,Alshiaka,Headgear>Alshiaka>Shumagh,White,Chinese Shumagh White,NA,Seasonal,Non Consignment,NA,NA,NA,NA,62,Men
,#p30211#,328202219,شماغ - الشياكة - رجالي - 58,30,Alshiaka,Headgear>Alshiaka>Shumagh,Cream,Chinese Shumagh Cream,NA,Seasonal,Non Consignment,NA,NA,NA,NA,55,Men
,#p30211#,328202221,شماغ - الشياكة - رجالي - 60,30,Alshiaka,Headgear>Alshiaka>Shumagh,Cream,Chinese Shumagh Cream,NA,Seasonal,Non Consignment,NA,NA,NA,NA,58,Men
,#p30211#,328202222,شماغ - الشياكة - رجالي - 62,30,Alshiaka,Headgear>Alshiaka>Shumagh,Cream,Chinese Shumagh Cream,NA,Seasonal,Non Consignment,NA,NA,NA,NA,60,Men
,#p30211#,328202223,شماغ - الشياكة - رجالي - 42,25,Alshiaka,Headgear>Alshiaka>Shumagh,Cream,Chinese Shumagh Cream,NA,Seasonal,Non Consignment,NA,NA,NA,NA,62,Men
,#p30211#,328210210,شماغ - الشياكة - شباب - 46,25,Alshiaka,Headgear>Alshiaka>Shumagh,Red,Chinese Shumagh Red,NA,Seasonal,Non Consignment,NA,NA,NA,NA,42,Men
,#p30211#,328210212,شماغ - الشياكة - شباب - 50,25,Alshiaka,Headgear>Alshiaka>Shumagh,Red,Chinese Shumagh Red,NA,Seasonal,Non Consignment,NA,NA,NA,NA,46,Youth
,#p30211#,328210214,شماغ - الشياكة - شباب - 52,25,Alshiaka,Headgear>Alshiaka>Shumagh,Red,Chinese Shumagh Red,NA,Seasonal,Non Consignment,NA,NA,NA,NA,50,Youth
,#p30211#,328210216,شماغ - الشياكة - رجالي - 55,30,Alshiaka,Headgear>Alshiaka>Shumagh,Red,Chinese Shumagh Red,NA,Seasonal,Non Consignment,NA,NA,NA,NA,52,Youth
,#p30211#,328210219,شماغ - الشياكة - رجالي - 58,30,Alshiaka,Headgear>Alshiaka>Shumagh,Red,Chinese Shumagh Red,NA,Seasonal,Non Consignment,NA,NA,NA,NA,55,Men
,#p30211#,328210221,شماغ - الشياكة - رجالي - 60,30,Alshiaka,Headgear>Alshiaka>Shumagh,Red,Chinese Shumagh Red,NA,Seasonal,Non Consignment,NA,NA,NA,NA,58,Men
,#p30211#,328210222,شماغ - الشياكة - رجالي - 62,30,Alshiaka,Headgear>Alshiaka>Shumagh,Red,Chinese Shumagh Red,NA,Seasonal,Non Consignment,NA,NA,NA,NA,60,Men
,#p30211#,328210223,شماغ - الشياكة - رجالي - 42,25,Alshiaka,Headgear>Alshiaka>Shumagh,Red,Chinese Shumagh Red,NA,Seasonal,Non Consignment,NA,NA,NA,NA,62,Men
,#p30211#,328701210,شماغ - الشياكة - شباب - 46,25,Alshiaka,Headgear>Alshiaka>Shumagh,White,Chinese Shumagh White,NA,Seasonal,Non Consignment,NA,NA,NA,NA,42,Men
,#p30211#,328701212,شماغ - الشياكة - شباب - 50,25,Alshiaka,Headgear>Alshiaka>Shumagh,White,Chinese Shumagh White,NA,Seasonal,Non Consignment,NA,NA,NA,NA,46,Youth
,#p30211#,328701214,شماغ - الشياكة - شباب - 52,25,Alshiaka,Headgear>Alshiaka>Shumagh,White,Chinese Shumagh White,NA,Seasonal,Non Consignment,NA,NA,NA,NA,50,Youth
,#p30211#,328701216,شماغ - الشياكة - رجالي - 55,30,Alshiaka,Headgear>Alshiaka>Shumagh,White,Chinese Shumagh White,NA,Seasonal,Non Consignment,NA,NA,NA,NA,52,Youth
,#p30211#,328701219,شماغ - الشياكة - رجالي - 58,30,Alshiaka,Headgear>Alshiaka>Shumagh,White,Chinese Shumagh White,NA,Seasonal,Non Consignment,NA,NA,NA,NA,55,Men
,#p30211#,328701221,شماغ - الشياكة - رجالي - 60,30,Alshiaka,Headgear>Alshiaka>Shumagh,White,Chinese Shumagh White,NA,Seasonal,Non Consignment,NA,NA,NA,NA,58,Men
,#p30211#,328701222,شماغ - الشياكة - رجالي - 42,25,Alshiaka,Headgear>Alshiaka>Shumagh,White,Chinese Shumagh White,NA,Seasonal,Non Consignment,NA,NA,NA,NA,60,Men
,#p30211#,328802210,شماغ - الشياكة - شباب - 46,25,Alshiaka,Headgear>Alshiaka>Shumagh,Cream,Chinese Shumagh Cream,NA,Seasonal,Non Consignment,NA,NA,NA,NA,42,Men
,#p30211#,328802212,شماغ - الشياكة - شباب - 50,25,Alshiaka,Headgear>Alshiaka>Shumagh,Cream,Chinese Shumagh Cream,NA,Seasonal,Non Consignment,NA,NA,NA,NA,46,Youth
,#p30211#,328802214,شماغ - الشياكة - شباب - 52,25,Alshiaka,Headgear>Alshiaka>Shumagh,Cream,Chinese Shumagh Cream,NA,Seasonal,Non Consignment,NA,NA,NA,NA,50,Youth
,#p30211#,328802216,شماغ - الشياكة - رجالي - 55,30,Alshiaka,Headgear>Alshiaka>Shumagh,Cream,Chinese Shumagh Cream,NA,Seasonal,Non Consignment,NA,NA,NA,NA,52,Youth
,#p30211#,328802219,شماغ - الشياكة - رجالي - 58,30,Alshiaka,Headgear>Alshiaka>Shumagh,Cream,Chinese Shumagh Cream,NA,Seasonal,Non Consignment,NA,NA,NA,NA,55,Men
,#p30211#,328802221,شماغ - الشياكة - رجالي - 60,30,Alshiaka,Headgear>Alshiaka>Shumagh,Cream,Chinese Shumagh Cream,NA,Seasonal,Non Consignment,NA,NA,NA,NA,58,Men
,#p30211#,328802222,شماغ - الشياكة - رجالي - 55,30,Alshiaka,Headgear>Alshiaka>Shumagh,Cream,Chinese Shumagh Cream,NA,Seasonal,Non Consignment,NA,NA,NA,NA,60,Men
,#p30211#,336610219,شماغ - الشياكة - رجالي - 55,30,Alshiaka,Headgear>Alshiaka>Shumagh,Red,Chinese Shumagh Red,NA,Seasonal,Non Consignment,NA,NA,NA,NA,55,Men
,#p30211#,336710219,شماغ - الشياكة - رجالي - 58,30,Alshiaka,Headgear>Alshiaka>Shumagh,Red,Chinese Shumagh Red,NA,Seasonal,Non Consignment,NA,NA,NA,NA,55,Men
,#p30211#,336710221,شماغ - الشياكة - رجالي - 60,30,Alshiaka,Headgear>Alshiaka>Shumagh,Red,Chinese Shumagh Red,NA,Seasonal,Non Consignment,NA,NA,NA,NA,58,Men
,#p30211#,336710222,شماغ - الشياكة - رجالي - 55,30,Alshiaka,Headgear>Alshiaka>Shumagh,Red,Chinese Shumagh Red,NA,Seasonal,Non Consignment,NA,NA,NA,NA,60,Men
,#p30211#,336801219,شماغ - الشياكة - رجالي - 58,30,Alshiaka,Headgear>Alshiaka>Shumagh,White,Chinese Shumagh White,NA,Seasonal,Non Consignment,NA,NA,NA,NA,55,Men
,#p30211#,336801221,شماغ - الشياكة - رجالي - 60,30,Alshiaka,Headgear>Alshiaka>Shumagh,White,Chinese Shumagh White,NA,Seasonal,Non Consignment,NA,NA,NA,NA,58,Men
,#p30211#,336801222,شماغ - الشياكة - رجالي - 40,25,Alshiaka,Headgear>Alshiaka>Shumagh,White,Chinese Shumagh White,NA,Seasonal,Non Consignment,NA,NA,NA,NA,60,Men
,#p30211#,342504209,شماغ - الشياكة - رجالي - 44,25,Alshiaka,Headgear>Alshiaka>Shumagh,Grey,Chinese Shumagh Grey,NA,Seasonal,Non Consignment,NA,NA,NA,NA,40,Men
,#p30211#,342504211,شماغ - الشياكة - شباب - 48,25,Alshiaka,Headgear>Alshiaka>Shumagh,Grey,Chinese Shumagh Grey,NA,Seasonal,Non Consignment,NA,NA,NA,NA,44,Men
,#p30211#,342504213,شماغ - الشياكة - شباب - 52,25,Alshiaka,Headgear>Alshiaka>Shumagh,Grey,Chinese Shumagh Grey,NA,Seasonal,Non Consignment,NA,NA,NA,NA,48,Youth
,#p30211#,342504216,شماغ - الشياكة - رجالي - 55,30,Alshiaka,Headgear>Alshiaka>Shumagh,Grey,Chinese Shumagh Grey,NA,Seasonal,Non Consignment,NA,NA,NA,NA,52,Youth
,#p30211#,342504219,شماغ - الشياكة - رجالي - 58,30,Alshiaka,Headgear>Alshiaka>Shumagh,Grey,Chinese Shumagh Grey,NA,Seasonal,Non Consignment,NA,NA,NA,NA,55,Men
,#p30211#,342504221,شماغ - الشياكة - رجالي - 60,30,Alshiaka,Headgear>Alshiaka>Shumagh,Grey,Chinese Shumagh Grey,NA,Seasonal,Non Consignment,NA,NA,NA,NA,58,Men
,#p30211#,342504222,شماغ - الشياكة - رجالي - 55,30,Alshiaka,Headgear>Alshiaka>Shumagh,Grey,Chinese Shumagh Grey,NA,Seasonal,Non Consignment,NA,NA,NA,NA,60,Men
,#p30211#,342616219,شماغ - الشياكة - رجالي - 58,30,Alshiaka,Headgear>Alshiaka>Shumagh,Beige,Chinese Shumagh Beige,NA,Seasonal,Non Consignment,NA,NA,NA,NA,55,Men
,#p30211#,342616221,شماغ - الشياكة - رجالي - 60,30,Alshiaka,Headgear>Alshiaka>Shumagh,Beige,Chinese Shumagh Beige,NA,Seasonal,Non Consignment,NA,NA,NA,NA,58,Men
,#p30211#,342616222,شماغ - الشياكة - شباب - 46,25,Alshiaka,Headgear>Alshiaka>Shumagh,Beige,Chinese Shumagh Beige,NA,Seasonal,Non Consignment,NA,NA,NA,NA,60,Men
,#p30211#,348201212,شماغ - الشياكة - شباب - 50,25,Alshiaka,Headgear>Alshiaka>Shumagh,White,Chinese Shumagh White,NA,Seasonal,Non Consignment,NA,NA,NA,NA,46,Youth
,#p30211#,348201214,شماغ - الشياكة - شباب - 46,25,Alshiaka,Headgear>Alshiaka>Shumagh,White,Chinese Shumagh White,NA,Seasonal,Non Consignment,NA,NA,NA,NA,50,Youth
,#p30211#,348210212,شماغ - الشياكة - رجالي - 55,30,Alshiaka,Headgear>Alshiaka>Shumagh,Red,Chinese Shumagh Red,NA,Seasonal,Non Consignment,NA,NA,NA,NA,46,Youth
,#p30211#,348210219,شماغ - الشياكة - رجالي - 60,30,Alshiaka,Headgear>Alshiaka>Shumagh,Red,Chinese Shumagh Red,NA,Seasonal,Non Consignment,NA,NA,NA,NA,55,Men
,#p30211#,348210222,شماغ - الشياكة - رجالي - 55,30,Alshiaka,Headgear>Alshiaka>Shumagh,Red,Chinese Shumagh Red,NA,Seasonal,Non Consignment,NA,NA,NA,NA,60,Men
,#p30211#,348301219,شماغ - الشياكة - رجالي - 60,30,Alshiaka,Headgear>Alshiaka>Shumagh,White,Chinese Shumagh White,NA,Seasonal,Non Consignment,NA,NA,NA,NA,55,Men
,#p30211#,348301222,شماغ - الشياكة - رجالي - 55,30,Alshiaka,Headgear>Alshiaka>Shumagh,White,Chinese Shumagh White,NA,Seasonal,Non Consignment,NA,NA,NA,NA,60,Men
,#p30211#,348302219,شماغ - الشياكة - رجالي - 58,30,Alshiaka,Headgear>Alshiaka>Shumagh,Cream,Chinese Shumagh Cream,NA,Seasonal,Non Consignment,NA,NA,NA,NA,55,Men
,#p30211#,348302221,شماغ - الشياكة - رجالي - 55,30,Alshiaka,Headgear>Alshiaka>Shumagh,Cream,Chinese Shumagh Cream,NA,Seasonal,Non Consignment,NA,NA,NA,NA,58,Men
,#p30211#,348310219,شماغ - الشياكة - رجالي - 58,30,Alshiaka,Headgear>Alshiaka>Shumagh,Red,Chinese Shumagh Red,NA,Seasonal,Non Consignment,NA,NA,NA,NA,55,Men
,#p30211#,348310221,شماغ - الشياكة - رجالي - 55,30,Alshiaka,Headgear>Alshiaka>Shumagh,Red,Chinese Shumagh Red,NA,Seasonal,Non Consignment,NA,NA,NA,NA,58,Men
,#p30211#,348401219,شماغ - الشياكة - رجالي - 58,30,Alshiaka,Headgear>Alshiaka>Shumagh,White,Chinese Shumagh White,NA,Seasonal,Non Consignment,NA,NA,NA,NA,55,Men
,#p30211#,348401221,شماغ - الشياكة - رجالي - 60,30,Alshiaka,Headgear>Alshiaka>Shumagh,White,Chinese Shumagh White,NA,Seasonal,Non Consignment,NA,NA,NA,NA,58,Men
,#p30211#,348401222,شماغ - الشياكة - رجالي - 55,30,Alshiaka,Headgear>Alshiaka>Shumagh,White,Chinese Shumagh White,NA,Seasonal,Non Consignment,NA,NA,NA,NA,60,Men
,#p30211#,348402219,شماغ - الشياكة - رجالي - 58,30,Alshiaka,Headgear>Alshiaka>Shumagh,Cream,Chinese Shumagh Cream,NA,Seasonal,Non Consignment,NA,NA,NA,NA,55,Men
,#p30211#,348402221,شماغ - الشياكة - رجالي - 60,30,Alshiaka,Headgear>Alshiaka>Shumagh,Cream,Chinese Shumagh Cream,NA,Seasonal,Non Consignment,NA,NA,NA,NA,58,Men
,#p30211#,348402222,شماغ - الشياكة - رجالي - 58,30,Alshiaka,Headgear>Alshiaka>Shumagh,Cream,Chinese Shumagh Cream,NA,Seasonal,Non Consignment,NA,NA,NA,NA,60,Men
,#p30211#,348410221,شماغ - الشياكة - رجالي - 42,25,Alshiaka,Headgear>Alshiaka>Shumagh,Red,Chinese Shumagh Red,NA,Seasonal,Non Consignment,NA,NA,NA,NA,58,Men
,#p30211#,352101210,شماغ - الشياكة - شباب - 50,25,Alshiaka,Headgear>Alshiaka>Shumagh,White,Chinese Shumagh White,NA,Seasonal,Non Consignment,NA,NA,NA,NA,42,Men
,#p30211#,352101214,شماغ - الشياكة - شباب - 52,25,Alshiaka,Headgear>Alshiaka>Shumagh,White,Chinese Shumagh White,NA,Seasonal,Non Consignment,NA,NA,NA,NA,50,Youth
,#p30211#,352101216,شماغ - الشياكة - رجالي - 42,25,Alshiaka,Headgear>Alshiaka>Shumagh,White,Chinese Shumagh White,NA,Seasonal,Non Consignment,NA,NA,NA,NA,52,Youth
,#p30211#,352210210,شماغ - الشياكة - شباب - 46,25,Alshiaka,Headgear>Alshiaka>Shumagh,Red,Chinese Shumagh Red,NA,Seasonal,Non Consignment,NA,NA,NA,NA,42,Men
,#p30211#,352210212,شماغ - الشياكة - شباب - 50,25,Alshiaka,Headgear>Alshiaka>Shumagh,Red,Chinese Shumagh Red,NA,Seasonal,Non Consignment,NA,NA,NA,NA,46,Youth
,#p30211#,352210214,شماغ - الشياكة - شباب - 52,25,Alshiaka,Headgear>Alshiaka>Shumagh,Red,Chinese Shumagh Red,NA,Seasonal,Non Consignment,NA,NA,NA,NA,50,Youth
,#p30211#,352210216,شماغ - الشياكة - رجالي - 62,30,Alshiaka,Headgear>Alshiaka>Shumagh,Red,Chinese Shumagh Red,NA,Seasonal,Non Consignment,NA,NA,NA,NA,52,Youth
,#p30211#,352210223,شماغ - الشياكة - رجالي - 38,25,Alshiaka,Headgear>Alshiaka>Shumagh,Red,Chinese Shumagh Red,NA,Seasonal,Non Consignment,NA,NA,NA,NA,62,Men
,#p30211#,352310208,شماغ - الشياكة - رجالي - 42,25,Alshiaka,Headgear>Alshiaka>Shumagh,Red,Chinese Shumagh Red,NA,Seasonal,Non Consignment,NA,NA,NA,NA,38,Men
,#p30211#,352310210,شماغ - الشياكة - شباب - 46,25,Alshiaka,Headgear>Alshiaka>Shumagh,Red,Chinese Shumagh Red,NA,Seasonal,Non Consignment,NA,NA,NA,NA,42,Men
,#p30211#,352310212,شماغ - الشياكة - شباب - 50,25,Alshiaka,Headgear>Alshiaka>Shumagh,Red,Chinese Shumagh Red,NA,Seasonal,Non Consignment,NA,NA,NA,NA,46,Youth
,#p30211#,352310214,شماغ - الشياكة - رجالي - 60,30,Alshiaka,Headgear>Alshiaka>Shumagh,Red,Chinese Shumagh Red,NA,Seasonal,Non Consignment,NA,NA,NA,NA,50,Youth
,#p30211#,352410222,شماغ - الشياكة - رجالي - 58,30,Alshiaka,Headgear>Alshiaka>Shumagh,Red,Chinese Shumagh Red,NA,Seasonal,Non Consignment,NA,NA,NA,NA,60,Men
,#p30211#,352510221,شماغ - الشياكة - رجالي - 60,30,Alshiaka,Headgear>Alshiaka>Shumagh,Red,Chinese Shumagh Red,NA,Seasonal,Non Consignment,NA,NA,NA,NA,58,Men
,#p30211#,352510222,شماغ - الشياكة - رجالي - 62,30,Alshiaka,Headgear>Alshiaka>Shumagh,Red,Chinese Shumagh Red,NA,Seasonal,Non Consignment,NA,NA,NA,NA,60,Men
,#p30211#,352510223,شماغ - الشياكة - رجالي - 42,25,Alshiaka,Headgear>Alshiaka>Shumagh,Red,Chinese Shumagh Red,NA,Seasonal,Non Consignment,NA,NA,NA,NA,62,Men
,#p30211#,356610210,شماغ - الشياكة - رجالي - 44,25,Alshiaka,Headgear>Alshiaka>Shumagh,Red,Chinese Shumagh Red,NA,Seasonal,Non Consignment,NA,NA,NA,NA,42,Men
,#p30211#,356610211,شماغ - الشياكة - شباب - 48,25,Alshiaka,Headgear>Alshiaka>Shumagh,Red,Chinese Shumagh Red,NA,Seasonal,Non Consignment,NA,NA,NA,NA,44,Men
,#p30211#,356610213,شماغ - الشياكة - شباب - 50,25,Alshiaka,Headgear>Alshiaka>Shumagh,Red,Chinese Shumagh Red,NA,Seasonal,Non Consignment,NA,NA,NA,NA,48,Youth
,#p30211#,356610214,شماغ - الشياكة - شباب - 52,25,Alshiaka,Headgear>Alshiaka>Shumagh,Red,Chinese Shumagh Red,NA,Seasonal,Non Consignment,NA,NA,NA,NA,50,Youth
,#p30211#,356610216,شماغ - الشياكة - رجالي - 42,25,Alshiaka,Headgear>Alshiaka>Shumagh,Red,Chinese Shumagh Red,NA,Seasonal,Non Consignment,NA,NA,NA,NA,52,Youth
,#p30211#,356710210,شماغ - الشياكة - رجالي - 44,25,Alshiaka,Headgear>Alshiaka>Shumagh,Red,Chinese Shumagh Red,NA,Seasonal,Non Consignment,NA,NA,NA,NA,42,Men
,#p30211#,356710211,شماغ - الشياكة - شباب - 46,25,Alshiaka,Headgear>Alshiaka>Shumagh,Red,Chinese Shumagh Red,NA,Seasonal,Non Consignment,NA,NA,NA,NA,44,Men
,#p30211#,356710212,شماغ - الشياكة - شباب - 50,25,Alshiaka,Headgear>Alshiaka>Shumagh,Red,Chinese Shumagh Red,NA,Seasonal,Non Consignment,NA,NA,NA,NA,46,Youth
,#p30211#,356810214,شماغ - الشياكة - شباب - 52,25,Alshiaka,Headgear>Alshiaka>Shumagh,Red,Chinese Shumagh Red,NA,Seasonal,Non Consignment,NA,NA,NA,NA,50,Youth
,#p30211#,356810216,شماغ - الشياكة - رجالي - 42,25,Alshiaka,Headgear>Alshiaka>Shumagh,Red,Chinese Shumagh Red,NA,Seasonal,Non Consignment,NA,NA,NA,NA,52,Youth
,#p30211#,358001210,شماغ - الشياكة - شباب - 46,25,Alshiaka,Headgear>Alshiaka>Shumagh,White,Chinese Shumagh White,NA,Seasonal,Non Consignment,NA,NA,NA,NA,42,Men
,#p30211#,358001212,شماغ - الشياكة - شباب - 50,25,Alshiaka,Headgear>Alshiaka>Shumagh,White,Chinese Shumagh White,NA,Seasonal,Non Consignment,NA,NA,NA,NA,46,Youth
,#p30211#,358001214,شماغ - الشياكة - شباب - 52,25,Alshiaka,Headgear>Alshiaka>Shumagh,White,Chinese Shumagh White,NA,Seasonal,Non Consignment,NA,NA,NA,NA,50,Youth
,#p30211#,358001216,شماغ - الشياكة - رجالي - 55,30,Alshiaka,Headgear>Alshiaka>Shumagh,White,Chinese Shumagh White,NA,Seasonal,Non Consignment,NA,NA,NA,NA,52,Youth
,#p30211#,358001219,شماغ - الشياكة - رجالي - 58,30,Alshiaka,Headgear>Alshiaka>Shumagh,White,Chinese Shumagh White,NA,Seasonal,Non Consignment,NA,NA,NA,NA,55,Men
,#p30211#,358001221,شماغ - الشياكة - رجالي - 62,30,Alshiaka,Headgear>Alshiaka>Shumagh,White,Chinese Shumagh White,NA,Seasonal,Non Consignment,NA,NA,NA,NA,58,Men
,#p30211#,358001223,شماغ - الشياكة - رجالي - 38,25,Alshiaka,Headgear>Alshiaka>Shumagh,White,Chinese Shumagh White,NA,Seasonal,Non Consignment,NA,NA,NA,NA,62,Men
,#p30211#,358010208,شماغ - الشياكة - رجالي - 42,25,Alshiaka,Headgear>Alshiaka>Shumagh,Red,Chinese Shumagh Red,NA,Seasonal,Non Consignment,NA,NA,NA,NA,38,Men
,#p30211#,358010210,شماغ - الشياكة - شباب - 46,25,Alshiaka,Headgear>Alshiaka>Shumagh,Red,Chinese Shumagh Red,NA,Seasonal,Non Consignment,NA,NA,NA,NA,42,Men
,#p30211#,358010212,شماغ - الشياكة - شباب - 50,25,Alshiaka,Headgear>Alshiaka>Shumagh,Red,Chinese Shumagh Red,NA,Seasonal,Non Consignment,NA,NA,NA,NA,46,Youth
,#p30211#,358010214,شماغ - الشياكة - شباب - 52,25,Alshiaka,Headgear>Alshiaka>Shumagh,Red,Chinese Shumagh Red,NA,Seasonal,Non Consignment,NA,NA,NA,NA,50,Youth
,#p30211#,358010216,شماغ - الشياكة - رجالي - 55,30,Alshiaka,Headgear>Alshiaka>Shumagh,Red,Chinese Shumagh Red,NA,Seasonal,Non Consignment,NA,NA,NA,NA,52,Youth
,#p30211#,358010219,شماغ - الشياكة - رجالي - 58,30,Alshiaka,Headgear>Alshiaka>Shumagh,Red,Chinese Shumagh Red,NA,Seasonal,Non Consignment,NA,NA,NA,NA,55,Men
,#p30211#,358010221,شماغ - الشياكة - رجالي - 60,30,Alshiaka,Headgear>Alshiaka>Shumagh,Red,Chinese Shumagh Red,NA,Seasonal,Non Consignment,NA,NA,NA,NA,58,Men
,#p30211#,358010222,شماغ - الشياكة - رجالي - 62,30,Alshiaka,Headgear>Alshiaka>Shumagh,Red,Chinese Shumagh Red,NA,Seasonal,Non Consignment,NA,NA,NA,NA,60,Men
,#p30211#,358010223,شماغ - الشياكة - رجالي - 58,30,Alshiaka,Headgear>Alshiaka>Shumagh,Red,Chinese Shumagh Red,NA,Seasonal,Non Consignment,NA,NA,NA,NA,62,Men
,#p30211#,358101221,شماغ - الشياكة - رجالي - 58,30,Alshiaka,Headgear>Alshiaka>Shumagh,White,Chinese Shumagh White,NA,Seasonal,Non Consignment,NA,NA,NA,NA,58,Men
,#p30211#,358110221,شماغ - الشياكة - رجالي - 60,30,Alshiaka,Headgear>Alshiaka>Shumagh,Red,Chinese Shumagh Red,NA,Seasonal,Non Consignment,NA,NA,NA,NA,58,Men
,#p30211#,358110222,شماغ - الشياكة - رجالي - 62,30,Alshiaka,Headgear>Alshiaka>Shumagh,Red,Chinese Shumagh Red,NA,Seasonal,Non Consignment,NA,NA,NA,NA,60,Men
,#p30211#,358110223,شماغ - الشياكة - رجالي - 55,349,Alshiaka,Headgear>Alshiaka>Shumagh,Red,Chinese Shumagh Red,NA,Seasonal,Non Consignment,NA,NA,NA,NA,62,Men
,#p30211#,358810219,شماغ - الشياكة - رجالي - 58,349,Alshiaka,Headgear>Alshiaka>Shumagh,Red,English Shumagh Red,NA,Seasonal,Non Consignment,NA,NA,NA,NA,55,Men
,#p30211#,358810221,شماغ - الشياكة - رجالي - 60,349,Alshiaka,Headgear>Alshiaka>Shumagh,Red,English Shumagh Red,NA,Seasonal,Non Consignment,NA,NA,NA,NA,58,Men
,#p30211#,358810222,شماغ - الشياكة - رجالي - 55,349,Alshiaka,Headgear>Alshiaka>Shumagh,Red,English Shumagh Red,NA,Seasonal,Non Consignment,NA,NA,NA,NA,60,Men
,#p30211#,358901219,شماغ - الشياكة - رجالي - 58,349,Alshiaka,Headgear>Alshiaka>Shumagh,White,English Shumagh White,NA,Seasonal,Non Consignment,NA,NA,NA,NA,55,Men
,#p30211#,358901221,شماغ - الشياكة - رجالي - 60,349,Alshiaka,Headgear>Alshiaka>Shumagh,White,English Shumagh White,NA,Seasonal,Non Consignment,NA,NA,NA,NA,58,Men
,#p30211#,358901222,شماغ - الشياكة - رجالي - 55,285,Alshiaka,Headgear>Alshiaka>Shumagh,White,English Shumagh White,NA,Seasonal,Non Consignment,NA,NA,NA,NA,60,Men
,#p30211#,359010219,شماغ - الشياكة - رجالي - 58,285,Alshiaka,Headgear>Alshiaka>Shumagh,Red,Swiss Shumagh Red,NA,Seasonal,Non Consignment,NA,NA,NA,NA,55,Men
,#p30211#,359010221,شماغ - الشياكة - رجالي - 60,285,Alshiaka,Headgear>Alshiaka>Shumagh,Red,Swiss Shumagh Red,NA,Seasonal,Non Consignment,NA,NA,NA,NA,58,Men
,#p30211#,359010222,شماغ - الشياكة - رجالي - 42,25,Alshiaka,Headgear>Alshiaka>Shumagh,Red,Swiss Shumagh Red,NA,Seasonal,Non Consignment,NA,NA,NA,NA,60,Men
,#p30211#,359101210,شماغ - الشياكة - شباب - 46,25,Alshiaka,Headgear>Alshiaka>Shumagh,White,Chinese Shumagh White,NA,Seasonal,Non Consignment,NA,NA,NA,NA,42,Men
,#p30211#,359101212,شماغ - الشياكة - شباب - 50,25,Alshiaka,Headgear>Alshiaka>Shumagh,White,Chinese Shumagh White,NA,Seasonal,Non Consignment,NA,NA,NA,NA,46,Youth
,#p30211#,359101214,شماغ - الشياكة - رجالي - 55,30,Alshiaka,Headgear>Alshiaka>Shumagh,White,Chinese Shumagh White,NA,Seasonal,Non Consignment,NA,NA,NA,NA,50,Youth
,#p30211#,359101219,شماغ - الشياكة - رجالي - 58,30,Alshiaka,Headgear>Alshiaka>Shumagh,White,Chinese Shumagh White,NA,Seasonal,Non Consignment,NA,NA,NA,NA,55,Men
,#p30211#,359101221,شماغ - الشياكة - رجالي - 60,30,Alshiaka,Headgear>Alshiaka>Shumagh,White,Chinese Shumagh White,NA,Seasonal,Non Consignment,NA,NA,NA,NA,58,Men
,#p30211#,359101222,شماغ - الشياكة - رجالي - 42,25,Alshiaka,Headgear>Alshiaka>Shumagh,White,Chinese Shumagh White,NA,Seasonal,Non Consignment,NA,NA,NA,NA,60,Men
,#p30211#,359102210,شماغ - الشياكة - شباب - 46,25,Alshiaka,Headgear>Alshiaka>Shumagh,Cream,Chinese Shumagh Cream,NA,Seasonal,Non Consignment,NA,NA,NA,NA,42,Men
,#p30211#,359102212,شماغ - الشياكة - شباب - 50,25,Alshiaka,Headgear>Alshiaka>Shumagh,Cream,Chinese Shumagh Cream,NA,Seasonal,Non Consignment,NA,NA,NA,NA,46,Youth
,#p30211#,359102214,شماغ - الشياكة - رجالي - 55,30,Alshiaka,Headgear>Alshiaka>Shumagh,Cream,Chinese Shumagh Cream,NA,Seasonal,Non Consignment,NA,NA,NA,NA,50,Youth
,#p30211#,359102219,شماغ - الشياكة - رجالي - 58,30,Alshiaka,Headgear>Alshiaka>Shumagh,Cream,Chinese Shumagh Cream,NA,Seasonal,Non Consignment,NA,NA,NA,NA,55,Men
,#p30211#,359102221,شماغ - الشياكة - رجالي - 60,30,Alshiaka,Headgear>Alshiaka>Shumagh,Cream,Chinese Shumagh Cream,NA,Seasonal,Non Consignment,NA,NA,NA,NA,58,Men
,#p30211#,359102222,شماغ - الشياكة - رجالي - 62,30,Alshiaka,Headgear>Alshiaka>Shumagh,Cream,Chinese Shumagh Cream,NA,Seasonal,Non Consignment,NA,NA,NA,NA,60,Men
,#p30211#,359102223,شماغ - الشياكة - رجالي - 42,25,Alshiaka,Headgear>Alshiaka>Shumagh,Cream,Chinese Shumagh Cream,NA,Seasonal,Non Consignment,NA,NA,NA,NA,62,Men
,#p30211#,359110210,شماغ - الشياكة - شباب - 46,25,Alshiaka,Headgear>Alshiaka>Shumagh,Red,Chinese Shumagh Red,NA,Seasonal,Non Consignment,NA,NA,NA,NA,42,Men
,#p30211#,359110212,شماغ - الشياكة - شباب - 50,25,Alshiaka,Headgear>Alshiaka>Shumagh,Red,Chinese Shumagh Red,NA,Seasonal,Non Consignment,NA,NA,NA,NA,46,Youth
,#p30211#,359110214,شماغ - الشياكة - رجالي - 55,30,Alshiaka,Headgear>Alshiaka>Shumagh,Red,Chinese Shumagh Red,NA,Seasonal,Non Consignment,NA,NA,NA,NA,50,Youth
,#p30211#,359110219,شماغ - الشياكة - رجالي - 60,30,Alshiaka,Headgear>Alshiaka>Shumagh,Red,Chinese Shumagh Red,NA,Seasonal,Non Consignment,NA,NA,NA,NA,55,Men
,#p30211#,359110222,شماغ - الشياكة - رجالي - 62,30,Alshiaka,Headgear>Alshiaka>Shumagh,Red,Chinese Shumagh Red,NA,Seasonal,Non Consignment,NA,NA,NA,NA,60,Men
,#p30211#,359110223,شماغ - الشياكة - رجالي - 42,25,Alshiaka,Headgear>Alshiaka>Shumagh,Red,Chinese Shumagh Red,NA,Seasonal,Non Consignment,NA,NA,NA,NA,62,Men
,#p30211#,359201210,شماغ - الشياكة - شباب - 46,25,Alshiaka,Headgear>Alshiaka>Shumagh,White,Chinese Shumagh White,NA,Seasonal,Non Consignment,NA,NA,NA,NA,42,Men
,#p30211#,359201212,شماغ - الشياكة - شباب - 50,25,Alshiaka,Headgear>Alshiaka>Shumagh,White,Chinese Shumagh White,NA,Seasonal,Non Consignment,NA,NA,NA,NA,46,Youth
,#p30211#,359201214,شماغ - الشياكة - شباب - 52,25,Alshiaka,Headgear>Alshiaka>Shumagh,White,Chinese Shumagh White,NA,Seasonal,Non Consignment,NA,NA,NA,NA,50,Youth
,#p30211#,359201216,شماغ - الشياكة - رجالي - 55,30,Alshiaka,Headgear>Alshiaka>Shumagh,White,Chinese Shumagh White,NA,Seasonal,Non Consignment,NA,NA,NA,NA,52,Youth
,#p30211#,359201219,شماغ - الشياكة - رجالي - 58,30,Alshiaka,Headgear>Alshiaka>Shumagh,White,Chinese Shumagh White,NA,Seasonal,Non Consignment,NA,NA,NA,NA,55,Men
,#p30211#,359201221,شماغ - الشياكة - رجالي - 60,30,Alshiaka,Headgear>Alshiaka>Shumagh,White,Chinese Shumagh White,NA,Seasonal,Non Consignment,NA,NA,NA,NA,58,Men
,#p30211#,359201222,شماغ - الشياكة - رجالي - 62,30,Alshiaka,Headgear>Alshiaka>Shumagh,White,Chinese Shumagh White,NA,Seasonal,Non Consignment,NA,NA,NA,NA,60,Men
,#p30211#,359201223,شماغ - الشياكة - رجالي - 42,25,Alshiaka,Headgear>Alshiaka>Shumagh,White,Chinese Shumagh White,NA,Seasonal,Non Consignment,NA,NA,NA,NA,62,Men
,#p30211#,359210210,شماغ - الشياكة - شباب - 46,25,Alshiaka,Headgear>Alshiaka>Shumagh,Red,Chinese Shumagh Red,NA,Seasonal,Non Consignment,NA,NA,NA,NA,42,Men
,#p30211#,359210212,شماغ - الشياكة - شباب - 50,25,Alshiaka,Headgear>Alshiaka>Shumagh,Red,Chinese Shumagh Red,NA,Seasonal,Non Consignment,NA,NA,NA,NA,46,Youth
,#p30211#,359210214,شماغ - الشياكة - شباب - 52,25,Alshiaka,Headgear>Alshiaka>Shumagh,Red,Chinese Shumagh Red,NA,Seasonal,Non Consignment,NA,NA,NA,NA,50,Youth
,#p30211#,359210216,شماغ - الشياكة - رجالي - 55,30,Alshiaka,Headgear>Alshiaka>Shumagh,Red,Chinese Shumagh Red,NA,Seasonal,Non Consignment,NA,NA,NA,NA,52,Youth
,#p30211#,359210219,شماغ - الشياكة - رجالي - 58,30,Alshiaka,Headgear>Alshiaka>Shumagh,Red,Chinese Shumagh Red,NA,Seasonal,Non Consignment,NA,NA,NA,NA,55,Men
,#p30211#,359210221,شماغ - الشياكة - رجالي - 60,30,Alshiaka,Headgear>Alshiaka>Shumagh,Red,Chinese Shumagh Red,NA,Seasonal,Non Consignment,NA,NA,NA,NA,58,Men
,#p30211#,359210222,شماغ - الشياكة - رجالي - 62,30,Alshiaka,Headgear>Alshiaka>Shumagh,Red,Chinese Shumagh Red,NA,Seasonal,Non Consignment,NA,NA,NA,NA,60,Men
,#p30211#,359210223,شماغ - الشياكة - رجالي - 42,99,Alshiaka,Headgear>Alshiaka>Shumagh,Red,Chinese Shumagh Red,NA,Seasonal,Non Consignment,NA,NA,NA,NA,62,Men
,#p30211#,359301210,شماغ - الشياكة - شباب - 46,99,Alshiaka,Headgear>Alshiaka>Shumagh,White,Chinese Shumagh White,NA,Seasonal,Non Consignment,NA,NA,NA,NA,42,Youth
,#p30211#,359301212,شماغ - الشياكة - شباب - 50,99,Alshiaka,Headgear>Alshiaka>Shumagh,White,Chinese Shumagh White,NA,Seasonal,Non Consignment,NA,NA,NA,NA,46,Youth
,#p30211#,359301214,شماغ - الشياكة - رجالي - 55,199,Alshiaka,Headgear>Alshiaka>Shumagh,White,Chinese Shumagh White,NA,Seasonal,Non Consignment,NA,NA,NA,NA,50,Youth
,#p30211#,359301219,شماغ - الشياكة - رجالي - 58,199,Alshiaka,Headgear>Alshiaka>Shumagh,White,Chinese Shumagh White,NA,Seasonal,Non Consignment,NA,NA,NA,NA,55,Men
,#p30211#,359301221,شماغ - الشياكة - رجالي - 60,199,Alshiaka,Headgear>Alshiaka>Shumagh,White,Chinese Shumagh White,NA,Seasonal,Non Consignment,NA,NA,NA,NA,58,Men
,#p30211#,359301222,شماغ - الشياكة - رجالي - 62,199,Alshiaka,Headgear>Alshiaka>Shumagh,White,Chinese Shumagh White,NA,Seasonal,Non Consignment,NA,NA,NA,NA,60,Men
,#p30211#,359301223,شماغ - الشياكة - رجالي - 42,99,Alshiaka,Headgear>Alshiaka>Shumagh,White,Chinese Shumagh White,NA,Seasonal,Non Consignment,NA,NA,NA,NA,62,Men
,#p30211#,359310210,شماغ - الشياكة - شباب - 46,99,Alshiaka,Headgear>Alshiaka>Shumagh,Red,Chinese Shumagh Red,NA,Seasonal,Non Consignment,NA,NA,NA,NA,42,Youth
,#p30211#,359310212,شماغ - الشياكة - شباب - 50,99,Alshiaka,Headgear>Alshiaka>Shumagh,Red,Chinese Shumagh Red,NA,Seasonal,Non Consignment,NA,NA,NA,NA,46,Youth
,#p30211#,359310214,شماغ - الشياكة - شباب - 52,99,Alshiaka,Headgear>Alshiaka>Shumagh,Red,Chinese Shumagh Red,NA,Seasonal,Non Consignment,NA,NA,NA,NA,50,Youth
,#p30211#,359310216,شماغ - الشياكة - رجالي - 55,199,Alshiaka,Headgear>Alshiaka>Shumagh,Red,Chinese Shumagh Red,NA,Seasonal,Non Consignment,NA,NA,NA,NA,52,Youth
,#p30211#,359310219,شماغ - الشياكة - رجالي - 58,199,Alshiaka,Headgear>Alshiaka>Shumagh,Red,Chinese Shumagh Red,NA,Seasonal,Non Consignment,NA,NA,NA,NA,55,Men
,#p30211#,359310221,شماغ - الشياكة - رجالي - 60,199,Alshiaka,Headgear>Alshiaka>Shumagh,Red,Chinese Shumagh Red,NA,Seasonal,Non Consignment,NA,NA,NA,NA,58,Men
,#p30211#,359310222,شماغ - الشياكة - رجالي - 62,199,Alshiaka,Headgear>Alshiaka>Shumagh,Red,Chinese Shumagh Red,NA,Seasonal,Non Consignment,NA,NA,NA,NA,60,Men
,#p30211#,359310223,شماغ - الشياكة - رجالي - 40,65,Alshiaka,Headgear>Alshiaka>Shumagh,Red,Chinese Shumagh Red,NA,Seasonal,Non Consignment,NA,NA,NA,NA,62,Men
,#p30211#,359501209,شماغ - الشياكة - رجالي - 42,65,Alshiaka,Headgear>Alshiaka>Shumagh,White,Chinese Shumagh White,NA,Seasonal,Non Consignment,NA,NA,NA,NA,40,Men
,#p30211#,359501210,شماغ - الشياكة - شباب - 46,65,Alshiaka,Headgear>Alshiaka>Shumagh,White,Chinese Shumagh White,NA,Seasonal,Non Consignment,NA,NA,NA,NA,42,Men
,#p30211#,359501212,شماغ - الشياكة - شباب - 50,65,Alshiaka,Headgear>Alshiaka>Shumagh,White,Chinese Shumagh White,NA,Seasonal,Non Consignment,NA,NA,NA,NA,46,Youth
,#p30211#,359501214,شماغ - الشياكة - شباب - 52,65,Alshiaka,Headgear>Alshiaka>Shumagh,White,Chinese Shumagh White,NA,Seasonal,Non Consignment,NA,NA,NA,NA,50,Youth
,#p30211#,359501216,شماغ - الشياكة - رجالي - 55,95,Alshiaka,Headgear>Alshiaka>Shumagh,White,Chinese Shumagh White,NA,Seasonal,Non Consignment,NA,NA,NA,NA,52,Youth
,#p30211#,359501219,شماغ - الشياكة - رجالي - 58,95,Alshiaka,Headgear>Alshiaka>Shumagh,White,Chinese Shumagh White,NA,Seasonal,Non Consignment,NA,NA,NA,NA,55,Men
,#p30211#,359501221,شماغ - الشياكة - رجالي - 60,95,Alshiaka,Headgear>Alshiaka>Shumagh,White,Chinese Shumagh White,NA,Seasonal,Non Consignment,NA,NA,NA,NA,58,Men
,#p30211#,359501222,شماغ - الشياكة - رجالي - 62,95,Alshiaka,Headgear>Alshiaka>Shumagh,White,Chinese Shumagh White,NA,Seasonal,Non Consignment,NA,NA,NA,NA,60,Men
,#p30211#,359501223,شماغ - الشياكة - رجالي - 55,95,Alshiaka,Headgear>Alshiaka>Shumagh,White,Chinese Shumagh White,NA,Seasonal,Non Consignment,NA,NA,NA,NA,62,Men
,#p30211#,359502219,شماغ - الشياكة - رجالي - 58,95,Alshiaka,Headgear>Alshiaka>Shumagh,Cream,Chinese Shumagh Cream,NA,Seasonal,Non Consignment,NA,NA,NA,NA,55,Men
,#p30211#,359502221,شماغ - الشياكة - رجالي - 60,95,Alshiaka,Headgear>Alshiaka>Shumagh,Cream,Chinese Shumagh Cream,NA,Seasonal,Non Consignment,NA,NA,NA,NA,58,Men
,#p30211#,359502222,شماغ - الشياكة - رجالي - 62,95,Alshiaka,Headgear>Alshiaka>Shumagh,Cream,Chinese Shumagh Cream,NA,Seasonal,Non Consignment,NA,NA,NA,NA,60,Men
,#p30211#,359502223,شماغ - الشياكة - رجالي - 38,65,Alshiaka,Headgear>Alshiaka>Shumagh,Cream,Chinese Shumagh Cream,NA,Seasonal,Non Consignment,NA,NA,NA,NA,62,Men
,#p30211#,359510208,شماغ - الشياكة - رجالي - 42,65,Alshiaka,Headgear>Alshiaka>Shumagh,Red,Chinese Shumagh Red,NA,Seasonal,Non Consignment,NA,NA,NA,NA,38,Men
,#p30211#,359510210,شماغ - الشياكة - شباب - 46,65,Alshiaka,Headgear>Alshiaka>Shumagh,Red,Chinese Shumagh Red,NA,Seasonal,Non Consignment,NA,NA,NA,NA,42,Men
,#p30211#,359510212,شماغ - الشياكة - شباب - 50,65,Alshiaka,Headgear>Alshiaka>Shumagh,Red,Chinese Shumagh Red,NA,Seasonal,Non Consignment,NA,NA,NA,NA,46,Youth
,#p30211#,359510214,شماغ - الشياكة - شباب - 52,65,Alshiaka,Headgear>Alshiaka>Shumagh,Red,Chinese Shumagh Red,NA,Seasonal,Non Consignment,NA,NA,NA,NA,50,Youth
,#p30211#,359510216,شماغ - الشياكة - رجالي - 55,95,Alshiaka,Headgear>Alshiaka>Shumagh,Red,Chinese Shumagh Red,NA,Seasonal,Non Consignment,NA,NA,NA,NA,52,Youth
,#p30211#,359510219,شماغ - الشياكة - رجالي - 58,95,Alshiaka,Headgear>Alshiaka>Shumagh,Red,Chinese Shumagh Red,NA,Seasonal,Non Consignment,NA,NA,NA,NA,55,Men
,#p30211#,359510221,شماغ - الشياكة - رجالي - 60,95,Alshiaka,Headgear>Alshiaka>Shumagh,Red,Chinese Shumagh Red,NA,Seasonal,Non Consignment,NA,NA,NA,NA,58,Men
,#p30211#,359510222,شماغ - الشياكة - رجالي - 62,95,Alshiaka,Headgear>Alshiaka>Shumagh,Red,Chinese Shumagh Red,NA,Seasonal,Non Consignment,NA,NA,NA,NA,60,Men
,#p30211#,359510223,شماغ - الشياكة - رجالي - 42,25,Alshiaka,Headgear>Alshiaka>Shumagh,Red,Chinese Shumagh Red,NA,Seasonal,Non Consignment,NA,NA,NA,NA,62,Men
,#p30211#,364501210,شماغ - الشياكة - شباب - 46,25,Alshiaka,Headgear>Alshiaka>Shumagh,White,Chinese Shumagh White,NA,Seasonal,Non Consignment,NA,NA,NA,NA,42,Men
,#p30211#,364501212,شماغ - الشياكة - شباب - 50,25,Alshiaka,Headgear>Alshiaka>Shumagh,White,Chinese Shumagh White,NA,Seasonal,Non Consignment,NA,NA,NA,NA,46,Youth
,#p30211#,364501214,شماغ - الشياكة - شباب - 52,25,Alshiaka,Headgear>Alshiaka>Shumagh,White,Chinese Shumagh White,NA,Seasonal,Non Consignment,NA,NA,NA,NA,50,Youth
,#p30211#,364501216,شماغ - الشياكة - رجالي - 55,30,Alshiaka,Headgear>Alshiaka>Shumagh,White,Chinese Shumagh White,NA,Seasonal,Non Consignment,NA,NA,NA,NA,52,Youth
,#p30211#,364501219,شماغ - الشياكة - رجالي - 58,30,Alshiaka,Headgear>Alshiaka>Shumagh,White,Chinese Shumagh White,NA,Seasonal,Non Consignment,NA,NA,NA,NA,55,Men
,#p30211#,364501221,شماغ - الشياكة - رجالي - 60,30,Alshiaka,Headgear>Alshiaka>Shumagh,White,Chinese Shumagh White,NA,Seasonal,Non Consignment,NA,NA,NA,NA,58,Men
,#p30211#,364501222,شماغ - الشياكة - رجالي - 38,25,Alshiaka,Headgear>Alshiaka>Shumagh,White,Chinese Shumagh White,NA,Seasonal,Non Consignment,NA,NA,NA,NA,60,Men
,#p30211#,364510208,شماغ - الشياكة - شباب - 46,25,Alshiaka,Headgear>Alshiaka>Shumagh,Red,Chinese Shumagh Red,NA,Seasonal,Non Consignment,NA,NA,NA,NA,38,Men
,#p30211#,364510212,شماغ - الشياكة - رجالي - 58,30,Alshiaka,Headgear>Alshiaka>Shumagh,Red,Chinese Shumagh Red,NA,Seasonal,Non Consignment,NA,NA,NA,NA,46,Youth
,#p30211#,364510221,شماغ - الشياكة - رجالي - 55,30,Alshiaka,Headgear>Alshiaka>Shumagh,Red,Chinese Shumagh Red,NA,Seasonal,Non Consignment,NA,NA,NA,NA,58,Men
,#p30211#,364601219,شماغ - الشياكة - رجالي - 58,30,Alshiaka,Headgear>Alshiaka>Shumagh,White,Chinese Shumagh White,NA,Seasonal,Non Consignment,NA,NA,NA,NA,55,Men
,#p30211#,364601221,شماغ - الشياكة - رجالي - 60,30,Alshiaka,Headgear>Alshiaka>Shumagh,White,Chinese Shumagh White,NA,Seasonal,Non Consignment,NA,NA,NA,NA,58,Men
,#p30211#,364601222,شماغ - الشياكة - رجالي - 55,30,Alshiaka,Headgear>Alshiaka>Shumagh,White,Chinese Shumagh White,NA,Seasonal,Non Consignment,NA,NA,NA,NA,60,Men
,#p30211#,364610219,شماغ - الشياكة - رجالي - 58,30,Alshiaka,Headgear>Alshiaka>Shumagh,Red,Chinese Shumagh Red,NA,Seasonal,Non Consignment,NA,NA,NA,NA,55,Men
,#p30211#,364610221,شماغ - الشياكة - رجالي - 40,65,Alshiaka,Headgear>Alshiaka>Shumagh,Red,Chinese Shumagh Red,NA,Seasonal,Non Consignment,NA,NA,NA,NA,58,Men
,#p30211#,364701209,شماغ - الشياكة - رجالي - 42,65,Alshiaka,Headgear>Alshiaka>Shumagh,White,Chinese Shumagh White,NA,Seasonal,Non Consignment,NA,NA,NA,NA,40,Men
,#p30211#,364701210,شماغ - الشياكة - شباب - 46,65,Alshiaka,Headgear>Alshiaka>Shumagh,White,Chinese Shumagh White,NA,Seasonal,Non Consignment,NA,NA,NA,NA,42,Men
,#p30211#,364701212,شماغ - الشياكة - شباب - 50,65,Alshiaka,Headgear>Alshiaka>Shumagh,White,Chinese Shumagh White,NA,Seasonal,Non Consignment,NA,NA,NA,NA,46,Youth
,#p30211#,364701214,شماغ - الشياكة - شباب - 52,65,Alshiaka,Headgear>Alshiaka>Shumagh,White,Chinese Shumagh White,NA,Seasonal,Non Consignment,NA,NA,NA,NA,50,Youth
,#p30211#,364701216,شماغ - الشياكة - رجالي - 38,65,Alshiaka,Headgear>Alshiaka>Shumagh,White,Chinese Shumagh White,NA,Seasonal,Non Consignment,NA,NA,NA,NA,52,Youth
,#p30211#,364710208,شماغ - الشياكة - رجالي - 42,65,Alshiaka,Headgear>Alshiaka>Shumagh,Red,Chinese Shumagh Red,NA,Seasonal,Non Consignment,NA,NA,NA,NA,38,Men
,#p30211#,364710210,شماغ - الشياكة - شباب - 46,65,Alshiaka,Headgear>Alshiaka>Shumagh,Red,Chinese Shumagh Red,NA,Seasonal,Non Consignment,NA,NA,NA,NA,42,Men
,#p30211#,364710212,شماغ - الشياكة - شباب - 50,65,Alshiaka,Headgear>Alshiaka>Shumagh,Red,Chinese Shumagh Red,NA,Seasonal,Non Consignment,NA,NA,NA,NA,46,Youth
,#p30211#,364710214,شماغ - الشياكة - شباب - 52,65,Alshiaka,Headgear>Alshiaka>Shumagh,Red,Chinese Shumagh Red,NA,Seasonal,Non Consignment,NA,NA,NA,NA,50,Youth
,#p30211#,364710216,شماغ - الشياكة - رجالي - 55,285,Alshiaka,Headgear>Alshiaka>Shumagh,Red,Chinese Shumagh Red,NA,Seasonal,Non Consignment,NA,NA,NA,NA,52,Youth
,#p30211#,370301219,شماغ - الشياكة - رجالي - 58,285,Alshiaka,Headgear>Alshiaka>Shumagh,White,Swiss Shumagh White,NA,Seasonal,Non Consignment,NA,NA,NA,NA,55,Men
,#p30211#,370301221,شماغ - الشياكة - رجالي - 60,285,Alshiaka,Headgear>Alshiaka>Shumagh,White,Swiss Shumagh White,NA,Seasonal,Non Consignment,NA,NA,NA,NA,58,Men
,#p30211#,370301222,شماغ - الشياكة - رجالي - 62,285,Alshiaka,Headgear>Alshiaka>Shumagh,White,Swiss Shumagh White,NA,Seasonal,Non Consignment,NA,NA,NA,NA,60,Men
,#p30211#,370301223,شماغ - الشياكة - رجالي - 55,145,Alshiaka,Headgear>Alshiaka>Shumagh,White,Swiss Shumagh White,NA,Seasonal,Non Consignment,NA,NA,NA,NA,62,Men
,#p30211#,370401219,شماغ - الشياكة - رجالي - 58,145,Alshiaka,Headgear>Alshiaka>Shumagh,White,Chinese Shumagh White,NA,Seasonal,Non Consignment,NA,NA,NA,NA,55,Men
,#p30211#,370401221,شماغ - الشياكة - رجالي - 60,145,Alshiaka,Headgear>Alshiaka>Shumagh,White,Chinese Shumagh White,NA,Seasonal,Non Consignment,NA,NA,NA,NA,58,Men
,#p30211#,370401222,شماغ - الشياكة - رجالي - 62,145,Alshiaka,Headgear>Alshiaka>Shumagh,White,Chinese Shumagh White,NA,Seasonal,Non Consignment,NA,NA,NA,NA,60,Men
,#p30211#,370401223,شماغ - الشياكة - رجالي - 42,95,Alshiaka,Headgear>Alshiaka>Shumagh,White,Chinese Shumagh White,NA,Seasonal,Non Consignment,NA,NA,NA,NA,62,Men
,#p30211#,370402210,شماغ - الشياكة - شباب - 50,95,Alshiaka,Headgear>Alshiaka>Shumagh,Cream,Chinese Shumagh Cream,NA,Seasonal,Non Consignment,NA,NA,NA,NA,42,Men
,#p30211#,370402214,شماغ - الشياكة - شباب - 52,95,Alshiaka,Headgear>Alshiaka>Shumagh,Cream,Chinese Shumagh Cream,NA,Seasonal,Non Consignment,NA,NA,NA,NA,50,Youth
,#p30211#,370402216,شماغ - الشياكة - رجالي - 55,145,Alshiaka,Headgear>Alshiaka>Shumagh,Cream,Chinese Shumagh Cream,NA,Seasonal,Non Consignment,NA,NA,NA,NA,52,Youth
,#p30211#,370402219,شماغ - الشياكة - رجالي - 58,145,Alshiaka,Headgear>Alshiaka>Shumagh,Cream,Chinese Shumagh Cream,NA,Seasonal,Non Consignment,NA,NA,NA,NA,55,Men
,#p30211#,370402221,شماغ - الشياكة - رجالي - 60,145,Alshiaka,Headgear>Alshiaka>Shumagh,Cream,Chinese Shumagh Cream,NA,Seasonal,Non Consignment,NA,NA,NA,NA,58,Men
,#p30211#,370402222,شماغ - الشياكة - رجالي - 62,145,Alshiaka,Headgear>Alshiaka>Shumagh,Cream,Chinese Shumagh Cream,NA,Seasonal,Non Consignment,NA,NA,NA,NA,60,Men
,#p30211#,370402223,شماغ - الشياكة - رجالي - 55,145,Alshiaka,Headgear>Alshiaka>Shumagh,Cream,Chinese Shumagh Cream,NA,Seasonal,Non Consignment,NA,NA,NA,NA,62,Men
,#p30211#,370410219,شماغ - الشياكة - رجالي - 58,145,Alshiaka,Headgear>Alshiaka>Shumagh,Red,Chinese Shumagh Red,NA,Seasonal,Non Consignment,NA,NA,NA,NA,55,Men
,#p30211#,370410221,شماغ - الشياكة - رجالي - 60,145,Alshiaka,Headgear>Alshiaka>Shumagh,Red,Chinese Shumagh Red,NA,Seasonal,Non Consignment,NA,NA,NA,NA,58,Men
,#p30211#,370410222,شماغ - الشياكة - رجالي - 62,145,Alshiaka,Headgear>Alshiaka>Shumagh,Red,Chinese Shumagh Red,NA,Seasonal,Non Consignment,NA,NA,NA,NA,60,Men
,#p30211#,370410223,شماغ - الشياكة - رجالي - 55,145,Alshiaka,Headgear>Alshiaka>Shumagh,Red,Chinese Shumagh Red,NA,Seasonal,Non Consignment,NA,NA,NA,NA,62,Men
,#p30211#,370501219,شماغ - الشياكة - رجالي - 60,145,Alshiaka,Headgear>Alshiaka>Shumagh,White,Chinese Shumagh White,NA,Seasonal,Non Consignment,NA,NA,NA,NA,55,Men
,#p30211#,370501222,شماغ - الشياكة - رجالي - 62,145,Alshiaka,Headgear>Alshiaka>Shumagh,White,Chinese Shumagh White,NA,Seasonal,Non Consignment,NA,NA,NA,NA,60,Men
,#p30211#,370501223,شماغ - الشياكة - رجالي - 55,145,Alshiaka,Headgear>Alshiaka>Shumagh,White,Chinese Shumagh White,NA,Seasonal,Non Consignment,NA,NA,NA,NA,62,Men
,#p30211#,370510219,شماغ - الشياكة - رجالي - 58,145,Alshiaka,Headgear>Alshiaka>Shumagh,Red,Chinese Shumagh Red,NA,Seasonal,Non Consignment,NA,NA,NA,NA,55,Men
,#p30211#,370510221,شماغ - الشياكة - رجالي - 60,145,Alshiaka,Headgear>Alshiaka>Shumagh,Red,Chinese Shumagh Red,NA,Seasonal,Non Consignment,NA,NA,NA,NA,58,Men
,#p30211#,370510222,شماغ - الشياكة - رجالي - 62,145,Alshiaka,Headgear>Alshiaka>Shumagh,Red,Chinese Shumagh Red,NA,Seasonal,Non Consignment,NA,NA,NA,NA,60,Men
,#p30211#,370510223,شماغ - الشياكة - رجالي - 55,30,Alshiaka,Headgear>Alshiaka>Shumagh,Red,Chinese Shumagh Red,NA,Seasonal,Non Consignment,NA,NA,NA,NA,62,Men
,#p30211#,370601219,شماغ - الشياكة - رجالي - 58,30,Alshiaka,Headgear>Alshiaka>Shumagh,White,Chinese Shumagh White,NA,Seasonal,Non Consignment,NA,NA,NA,NA,55,Men
,#p30211#,370601221,شماغ - الشياكة - رجالي - 60,30,Alshiaka,Headgear>Alshiaka>Shumagh,White,Chinese Shumagh White,NA,Seasonal,Non Consignment,NA,NA,NA,NA,58,Men
,#p30211#,370601222,شماغ - الشياكة - رجالي - 62,30,Alshiaka,Headgear>Alshiaka>Shumagh,White,Chinese Shumagh White,NA,Seasonal,Non Consignment,NA,NA,NA,NA,60,Men
,#p30211#,370601223,شماغ - الشياكة - رجالي - 55,30,Alshiaka,Headgear>Alshiaka>Shumagh,White,Chinese Shumagh White,NA,Seasonal,Non Consignment,NA,NA,NA,NA,62,Men
,#p30211#,370610219,شماغ - الشياكة - رجالي - 58,30,Alshiaka,Headgear>Alshiaka>Shumagh,Red,Chinese Shumagh Red,NA,Seasonal,Non Consignment,NA,NA,NA,NA,55,Men
,#p30211#,370610221,شماغ - الشياكة - رجالي - 60,30,Alshiaka,Headgear>Alshiaka>Shumagh,Red,Chinese Shumagh Red,NA,Seasonal,Non Consignment,NA,NA,NA,NA,58,Men
,#p30211#,370610222,شماغ - الشياكة - رجالي - 62,30,Alshiaka,Headgear>Alshiaka>Shumagh,Red,Chinese Shumagh Red,NA,Seasonal,Non Consignment,NA,NA,NA,NA,60,Men
,#p30211#,370610223,شماغ - الشياكة - رجالي - 55,199,Alshiaka,Headgear>Alshiaka>Shumagh,Red,Chinese Shumagh Red,NA,Seasonal,Non Consignment,NA,NA,NA,NA,62,Men
,#p30211#,370701219,شماغ - الشياكة - رجالي - 58,199,Alshiaka,Headgear>Alshiaka>Shumagh,White,Chinese Shumagh White,NA,Seasonal,Non Consignment,NA,NA,NA,NA,55,Men
,#p30211#,370701221,شماغ - الشياكة - رجالي - 60,199,Alshiaka,Headgear>Alshiaka>Shumagh,White,Chinese Shumagh White,NA,Seasonal,Non Consignment,NA,NA,NA,NA,58,Men
,#p30211#,370701222,شماغ - الشياكة - رجالي - 62,199,Alshiaka,Headgear>Alshiaka>Shumagh,White,Chinese Shumagh White,NA,Seasonal,Non Consignment,NA,NA,NA,NA,60,Men
,#p30211#,370701223,شماغ - الشياكة - رجالي - 55,199,Alshiaka,Headgear>Alshiaka>Shumagh,White,Chinese Shumagh White,NA,Seasonal,Non Consignment,NA,NA,NA,NA,62,Men
,#p30211#,370710219,شماغ - الشياكة - رجالي - 58,199,Alshiaka,Headgear>Alshiaka>Shumagh,Red,Chinese Shumagh Red,NA,Seasonal,Non Consignment,NA,NA,NA,NA,55,Men
,#p30211#,370710221,شماغ - الشياكة - رجالي - 60,199,Alshiaka,Headgear>Alshiaka>Shumagh,Red,Chinese Shumagh Red,NA,Seasonal,Non Consignment,NA,NA,NA,NA,58,Men
,#p30211#,370710222,شماغ - الشياكة - رجالي - 62,199,Alshiaka,Headgear>Alshiaka>Shumagh,Red,Chinese Shumagh Red,NA,Seasonal,Non Consignment,NA,NA,NA,NA,60,Men
,#p30211#,370710223,شماغ - الشياكة - رجالي - 55,285,Alshiaka,Headgear>Alshiaka>Shumagh,Red,Chinese Shumagh Red,NA,Seasonal,Non Consignment,NA,NA,NA,NA,62,Men
,#p30211#,372201219,شماغ - الشياكة - رجالي - 62,285,Alshiaka,Headgear>Alshiaka>Shumagh,White,Swiss Shumagh White,NA,Seasonal,Non Consignment,NA,NA,NA,NA,55,Men
,#p30211#,372201223,شماغ - الشياكة - رجالي - 55,285,Alshiaka,Headgear>Alshiaka>Shumagh,White,Swiss Shumagh White,NA,Seasonal,Non Consignment,NA,NA,NA,NA,62,Men
,#p30211#,375310219,شماغ - الشياكة - رجالي - 58,285,Alshiaka,Headgear>Alshiaka>Shumagh,Red,Swiss Shumagh Red,NA,Seasonal,Non Consignment,NA,NA,NA,NA,55,Men
,#p30211#,375310221,شماغ - الشياكة - رجالي - 60,285,Alshiaka,Headgear>Alshiaka>Shumagh,Red,Swiss Shumagh Red,NA,Seasonal,Non Consignment,NA,NA,NA,NA,58,Men
,#p30211#,375310222,شماغ - الشياكة - رجالي - 42,95,Alshiaka,Headgear>Alshiaka>Shumagh,Red,Swiss Shumagh Red,NA,Seasonal,Non Consignment,NA,NA,NA,NA,60,Men
,#p30211#,479501210,شماغ - الشياكة - شباب - 46,95,Alshiaka,Headgear>Alshiaka>Shumagh,White,Chinese Shumagh White,NA,Seasonal,Non Consignment,NA,NA,NA,NA,42,Men
,#p30211#,479501212,شماغ - الشياكة - شباب - 50,95,Alshiaka,Headgear>Alshiaka>Shumagh,White,Chinese Shumagh White,NA,Seasonal,Non Consignment,NA,NA,NA,NA,46,Youth
,#p30211#,479501214,شماغ - الشياكة - شباب - 52,95,Alshiaka,Headgear>Alshiaka>Shumagh,White,Chinese Shumagh White,NA,Seasonal,Non Consignment,NA,NA,NA,NA,50,Youth
,#p30211#,479501216,شماغ - الشياكة - رجالي - 55,145,Alshiaka,Headgear>Alshiaka>Shumagh,White,Chinese Shumagh White,NA,Seasonal,Non Consignment,NA,NA,NA,NA,52,Youth
,#p30211#,479501219,شماغ - الشياكة - رجالي - 58,145,Alshiaka,Headgear>Alshiaka>Shumagh,White,Chinese Shumagh White,NA,Seasonal,Non Consignment,NA,NA,NA,NA,55,Men
,#p30211#,479501221,شماغ - الشياكة - رجالي - 60,145,Alshiaka,Headgear>Alshiaka>Shumagh,White,Chinese Shumagh White,NA,Seasonal,Non Consignment,NA,NA,NA,NA,58,Men
,#p30211#,479501222,شماغ - الشياكة - رجالي - 62,145,Alshiaka,Headgear>Alshiaka>Shumagh,White,Chinese Shumagh White,NA,Seasonal,Non Consignment,NA,NA,NA,NA,60,Men
,#p30211#,479501223,شماغ - الشياكة - رجالي - 55,145,Alshiaka,Headgear>Alshiaka>Shumagh,White,Chinese Shumagh White,NA,Seasonal,Non Consignment,NA,NA,NA,NA,62,Men
,#p30211#,479502219,شماغ - الشياكة - رجالي - 58,145,Alshiaka,Headgear>Alshiaka>Shumagh,Cream,Chinese Shumagh Cream,NA,Seasonal,Non Consignment,NA,NA,NA,NA,55,Men
,#p30211#,479502221,شماغ - الشياكة - رجالي - 60,145,Alshiaka,Headgear>Alshiaka>Shumagh,Cream,Chinese Shumagh Cream,NA,Seasonal,Non Consignment,NA,NA,NA,NA,58,Men
,#p30211#,479502222,شماغ - الشياكة - رجالي - 62,145,Alshiaka,Headgear>Alshiaka>Shumagh,Cream,Chinese Shumagh Cream,NA,Seasonal,Non Consignment,NA,NA,NA,NA,60,Men
,#p30211#,479502223,شماغ - الشياكة - رجالي - 38,95,Alshiaka,Headgear>Alshiaka>Shumagh,Cream,Chinese Shumagh Cream,NA,Seasonal,Non Consignment,NA,NA,NA,NA,62,Men
,#p30211#,479510208,شماغ - الشياكة - رجالي - 42,95,Alshiaka,Headgear>Alshiaka>Shumagh,Red,Chinese Shumagh Red,NA,Seasonal,Non Consignment,NA,NA,NA,NA,38,Men
,#p30211#,479510210,شماغ - الشياكة - شباب - 46,95,Alshiaka,Headgear>Alshiaka>Shumagh,Red,Chinese Shumagh Red,NA,Seasonal,Non Consignment,NA,NA,NA,NA,42,Men
,#p30211#,479510212,شماغ - الشياكة - شباب - 50,95,Alshiaka,Headgear>Alshiaka>Shumagh,Red,Chinese Shumagh Red,NA,Seasonal,Non Consignment,NA,NA,NA,NA,46,Youth
,#p30211#,479510214,شماغ - الشياكة - شباب - 52,95,Alshiaka,Headgear>Alshiaka>Shumagh,Red,Chinese Shumagh Red,NA,Seasonal,Non Consignment,NA,NA,NA,NA,50,Youth
,#p30211#,479510216,شماغ - الشياكة - رجالي - 55,145,Alshiaka,Headgear>Alshiaka>Shumagh,Red,Chinese Shumagh Red,NA,Seasonal,Non Consignment,NA,NA,NA,NA,52,Youth
,#p30211#,479510219,شماغ - الشياكة - رجالي - 58,145,Alshiaka,Headgear>Alshiaka>Shumagh,Red,Chinese Shumagh Red,NA,Seasonal,Non Consignment,NA,NA,NA,NA,55,Men
,#p30211#,479510221,شماغ - الشياكة - رجالي - 60,145,Alshiaka,Headgear>Alshiaka>Shumagh,Red,Chinese Shumagh Red,NA,Seasonal,Non Consignment,NA,NA,NA,NA,58,Men
,#p30211#,479510222,شماغ - الشياكة - رجالي - 62,145,Alshiaka,Headgear>Alshiaka>Shumagh,Red,Chinese Shumagh Red,NA,Seasonal,Non Consignment,NA,NA,NA,NA,60,Men
,#p30211#,479510223,شماغ - الشياكة - رجالي - 55,145,Alshiaka,Headgear>Alshiaka>Shumagh,Red,Chinese Shumagh Red,NA,Seasonal,Non Consignment,NA,NA,NA,NA,62,Men
,#p30211#,479601219,شماغ - الشياكة - رجالي - 58,145,Alshiaka,Headgear>Alshiaka>Shumagh,White,Chinese Shumagh White,NA,Seasonal,Non Consignment,NA,NA,NA,NA,55,Men
,#p30211#,479601221,شماغ - الشياكة - رجالي - 60,145,Alshiaka,Headgear>Alshiaka>Shumagh,White,Chinese Shumagh White,NA,Seasonal,Non Consignment,NA,NA,NA,NA,58,Men
,#p30211#,479601222,شماغ - الشياكة - رجالي - 62,145,Alshiaka,Headgear>Alshiaka>Shumagh,White,Chinese Shumagh White,NA,Seasonal,Non Consignment,NA,NA,NA,NA,60,Men
,#p30211#,479601223,شماغ - الشياكة - رجالي - 55,145,Alshiaka,Headgear>Alshiaka>Shumagh,White,Chinese Shumagh White,NA,Seasonal,Non Consignment,NA,NA,NA,NA,62,Men
,#p30211#,479610219,شماغ - الشياكة - رجالي - 58,145,Alshiaka,Headgear>Alshiaka>Shumagh,Red,Chinese Shumagh Red,NA,Seasonal,Non Consignment,NA,NA,NA,NA,55,Men
,#p30211#,479610221,شماغ - الشياكة - رجالي - 60,145,Alshiaka,Headgear>Alshiaka>Shumagh,Red,Chinese Shumagh Red,NA,Seasonal,Non Consignment,NA,NA,NA,NA,58,Men
,#p30211#,479610222,شماغ - الشياكة - رجالي - 62,145,Alshiaka,Headgear>Alshiaka>Shumagh,Red,Chinese Shumagh Red,NA,Seasonal,Non Consignment,NA,NA,NA,NA,60,Men
,#p30211#,479610223,شماغ - الشياكة - رجالي - 55,199,Alshiaka,Headgear>Alshiaka>Shumagh,Red,Chinese Shumagh Red,NA,Seasonal,Non Consignment,NA,NA,NA,NA,62,Men
,#p30211#,479701219,شماغ - الشياكة - رجالي - 58,199,Alshiaka,Headgear>Alshiaka>Shumagh,White,Chinese Shumagh White,NA,Seasonal,Non Consignment,NA,NA,NA,NA,55,Men
,#p30211#,479701221,شماغ - الشياكة - رجالي - 60,199,Alshiaka,Headgear>Alshiaka>Shumagh,White,Chinese Shumagh White,NA,Seasonal,Non Consignment,NA,NA,NA,NA,58,Men
,#p30211#,479701222,شماغ - الشياكة - رجالي - 62,199,Alshiaka,Headgear>Alshiaka>Shumagh,White,Chinese Shumagh White,NA,Seasonal,Non Consignment,NA,NA,NA,NA,60,Men
,#p30211#,479701223,شماغ - الشياكة - رجالي - 42,99,Alshiaka,Headgear>Alshiaka>Shumagh,White,Chinese Shumagh White,NA,Seasonal,Non Consignment,NA,NA,NA,NA,62,Men
,#p30211#,479710210,شماغ - الشياكة - شباب - 46,99,Alshiaka,Headgear>Alshiaka>Shumagh,Red,Chinese Shumagh Red,NA,Seasonal,Non Consignment,NA,NA,NA,NA,42,Youth
,#p30211#,479710212,شماغ - الشياكة - شباب - 50,99,Alshiaka,Headgear>Alshiaka>Shumagh,Red,Chinese Shumagh Red,NA,Seasonal,Non Consignment,NA,NA,NA,NA,46,Youth
,#p30211#,479710214,شماغ - الشياكة - شباب - 52,99,Alshiaka,Headgear>Alshiaka>Shumagh,Red,Chinese Shumagh Red,NA,Seasonal,Non Consignment,NA,NA,NA,NA,50,Youth
,#p30211#,479710216,شماغ - الشياكة - رجالي - 55,199,Alshiaka,Headgear>Alshiaka>Shumagh,Red,Chinese Shumagh Red,NA,Seasonal,Non Consignment,NA,NA,NA,NA,52,Youth
,#p30211#,479710219,شماغ - الشياكة - رجالي - 58,199,Alshiaka,Headgear>Alshiaka>Shumagh,Red,Chinese Shumagh Red,NA,Seasonal,Non Consignment,NA,NA,NA,NA,55,Men
,#p30211#,479710221,شماغ - الشياكة - رجالي - 60,199,Alshiaka,Headgear>Alshiaka>Shumagh,Red,Chinese Shumagh Red,NA,Seasonal,Non Consignment,NA,NA,NA,NA,58,Men
,#p30211#,479710222,شماغ - الشياكة - رجالي - 62,199,Alshiaka,Headgear>Alshiaka>Shumagh,Red,Chinese Shumagh Red,NA,Seasonal,Non Consignment,NA,NA,NA,NA,60,Men
,#p30211#,479710223,شماغ - الشياكة - رجالي - 55,285,Alshiaka,Headgear>Alshiaka>Shumagh,Red,Chinese Shumagh Red,NA,Seasonal,Non Consignment,NA,NA,NA,NA,62,Men
,#p30211#,2227370301219,شماغ - الشياكة - رجالي - 58,285,Alshiaka,Headgear>Alshiaka>Shumagh,White,Swiss Shumagh White,NA,Seasonal,Non Consignment,NA,NA,NA,NA,55,Men
,#p30211#,2227370301221,شماغ - الشياكة - رجالي - 60,285,Alshiaka,Headgear>Alshiaka>Shumagh,White,Swiss Shumagh White,NA,Seasonal,Non Consignment,NA,NA,NA,NA,58,Men
,#p30211#,2227370301222,شماغ - الشياكة - رجالي - 62,285,Alshiaka,Headgear>Alshiaka>Shumagh,White,Swiss Shumagh White,NA,Seasonal,Non Consignment,NA,NA,NA,NA,60,Men
,#p30211#,2227370301223,شماغ - الشياكة - رجالي - 60,30,Alshiaka,Headgear>Alshiaka>Shumagh,White,Swiss Shumagh White,NA,Seasonal,Non Consignment,NA,NA,NA,NA,62,Men
,#p30211#,328001222,شماغ - الشياكة - رجالي - 58,30,Alshiaka,Headgear>Alshiaka>Shumagh,White,Chinese Shumagh White,NA,Seasonal,Non Consignment,NA,NA,NA,NA,60,Men
,#p30211#,328101221,شماغ - الشياكة - رجالي - 62,30,Alshiaka,Headgear>Alshiaka>Shumagh,White,Chinese Shumagh White,NA,Seasonal,Non Consignment,NA,NA,NA,NA,58,Men
,#p30211#,352310223,شماغ - الشياكة - رجالي - 58,285,Alshiaka,Headgear>Alshiaka>Shumagh,Red,Chinese Shumagh Red,NA,Seasonal,Non Consignment,NA,NA,NA,NA,62,Men
,#p30211#,359601221,شماغ - الشياكة - رجالي - 55,30,Alshiaka,Headgear>Alshiaka>Shumagh,White,Chinese Shumagh White,NA,Seasonal,Non Consignment,NA,NA,NA,NA,58,Men
,#p30211#,364510219,شماغ - الشياكة - رجالي - 60,30,Alshiaka,Headgear>Alshiaka>Shumagh,Red,Chinese Shumagh Red,NA,Seasonal,Non Consignment,NA,NA,NA,NA,55,Men
,#p30211#,364510222,شماغ - الشياكة برايم - رجالي - كريم - 55,145,Alshiaka,Headgear>Alshiaka>Shumagh,Red,Chinese Shumagh Red,NA,Seasonal,Non Consignment,NA,NA,NA,NA,60,Men
,#p30211#,215302702582110,شماغ - الشياكة برايم - رجالي - كريم - 58,145,Alshiaka,Headgear>Alshiaka>Shumagh,Cream,Alshiaka Prime Shumagh Cream,NA,Seasonal,Non Consignment,NA,NA,NA,NA,55,Men
,#p30211#,215302702592110,شماغ - الشياكة برايم - رجالي - كريم - 60,145,Alshiaka,Headgear>Alshiaka>Shumagh,Cream,Alshiaka Prime Shumagh Cream,NA,Seasonal,Non Consignment,NA,NA,NA,NA,58,Men
,#p30211#,215302702602110,شماغ - الشياكة برايم - رجالي - كريم - 62,145,Alshiaka,Headgear>Alshiaka>Shumagh,Cream,Alshiaka Prime Shumagh Cream,NA,Seasonal,Non Consignment,NA,NA,NA,NA,60,Men
,#p30211#,215302702612110,شماغ - الشياكة برايم - رجالي - احمر فاتح - 55,145,Alshiaka,Headgear>Alshiaka>Shumagh,Cream,Alshiaka Prime Shumagh Cream,NA,Seasonal,Non Consignment,NA,NA,NA,NA,62,Men
,#p30211#,215302837582111,شماغ - الشياكة برايم - رجالي - احمر فاتح - 58,145,Alshiaka,Headgear>Alshiaka>Shumagh,Light Red,Alshiaka Prime Shumagh Light Red,NA,Seasonal,Non Consignment,NA,NA,NA,NA,55,Men
,#p30211#,215302837592111,شماغ - الشياكة برايم - رجالي - احمر فاتح - 60,145,Alshiaka,Headgear>Alshiaka>Shumagh,Light Red,Alshiaka Prime Shumagh Light Red,NA,Seasonal,Non Consignment,NA,NA,NA,NA,58,Men
,#p30211#,215302837602111,شماغ - الشياكة برايم - رجالي - احمر فاتح - 62,145,Alshiaka,Headgear>Alshiaka>Shumagh,Light Red,Alshiaka Prime Shumagh Light Red,NA,Seasonal,Non Consignment,NA,NA,NA,NA,60,Men
,#p30211#,215302837612111,شماغ - الشياكة برايم - رجالي - احمر غامق - 55,145,Alshiaka,Headgear>Alshiaka>Shumagh,Light Red,Alshiaka Prime Shumagh Light Red,NA,Seasonal,Non Consignment,NA,NA,NA,NA,62,Men
,#p30211#,215302938582110,شماغ - الشياكة برايم - رجالي - احمر غامق - 58,145,Alshiaka,Headgear>Alshiaka>Shumagh,Dark Red,Alshiaka Prime Shumagh Dark Red,NA,Seasonal,Non Consignment,NA,NA,NA,NA,55,Men
,#p30211#,215302938592110,شماغ - الشياكة برايم - رجالي - احمر غامق - 60,145,Alshiaka,Headgear>Alshiaka>Shumagh,Dark Red,Alshiaka Prime Shumagh Dark Red,NA,Seasonal,Non Consignment,NA,NA,NA,NA,58,Men
,#p30211#,215302938602110,شماغ - الشياكة برايم - رجالي - احمر غامق - 62,145,Alshiaka,Headgear>Alshiaka>Shumagh,Dark Red,Alshiaka Prime Shumagh Dark Red,NA,Seasonal,Non Consignment,NA,NA,NA,NA,60,Men
,#p30211#,215302938612110,شماغ - الشياكة برايم - رجالي - ابيض - 55,145,Alshiaka,Headgear>Alshiaka>Shumagh,Dark Red,Alshiaka Prime Shumagh Dark Red,NA,Seasonal,Non Consignment,NA,NA,NA,NA,62,Men
,#p30211#,215302601582110,شماغ - الشياكة برايم - رجالي - ابيض - 58,145,Alshiaka,Headgear>Alshiaka>Shumagh,White,Alshiaka Prime Shumagh White,NA,Seasonal,Non Consignment,NA,NA,NA,NA,55,Men
,#p30211#,215302601592110,شماغ - الشياكة برايم - رجالي - ابيض - 60,145,Alshiaka,Headgear>Alshiaka>Shumagh,White,Alshiaka Prime Shumagh White,NA,Seasonal,Non Consignment,NA,NA,NA,NA,58,Men
,#p30211#,215302601602110,شماغ - الشياكة برايم - رجالي - ابيض - 62,145,Alshiaka,Headgear>Alshiaka>Shumagh,White,Alshiaka Prime Shumagh White,NA,Seasonal,Non Consignment,NA,NA,NA,NA,60,Men
,#p30211#,215302601612110,شماغ - عادي - رجالي - احمر فاتح - 55,105,Alshiaka,Headgear>Alshiaka>Shumagh,White,Alshiaka Prime Shumagh White,NA,Seasonal,Non Consignment,NA,NA,NA,NA,62,Men
,#p30211#,215112837582112,شماغ - عادي - رجالي - احمر فاتح - 58,105,Alshiaka,Headgear>Alshiaka>Shumagh,Light Red,Chinese Shumagh Light Red,NA,Seasonal,Non Consignment,NA,NA,NA,NA,55,Men
,#p30211#,215112837592112,شماغ - عادي - رجالي - احمر فاتح - 60,105,Alshiaka,Headgear>Alshiaka>Shumagh,Light Red,Chinese Shumagh Light Red,NA,Seasonal,Non Consignment,NA,NA,NA,NA,58,Men
,#p30211#,215112837602112,شماغ - عادي - رجالي - احمر فاتح - 62,105,Alshiaka,Headgear>Alshiaka>Shumagh,Light Red,Chinese Shumagh Light Red,NA,Seasonal,Non Consignment,NA,NA,NA,NA,60,Men
,#p30211#,215112837612112,شماغ - عادي - رجالي - احمر غامق - 55,105,Alshiaka,Headgear>Alshiaka>Shumagh,Light Red,Chinese Shumagh Light Red,NA,Seasonal,Non Consignment,NA,NA,NA,NA,62,Men
,#p30211#,215112938582113,شماغ - عادي - رجالي - احمر غامق - 58,105,Alshiaka,Headgear>Alshiaka>Shumagh,Dark Red,Chinese Shumagh Dark Red,NA,Seasonal,Non Consignment,NA,NA,NA,NA,55,Men
,#p30211#,215112938592113,شماغ - عادي - رجالي - احمر غامق - 60,105,Alshiaka,Headgear>Alshiaka>Shumagh,Dark Red,Chinese Shumagh Dark Red,NA,Seasonal,Non Consignment,NA,NA,NA,NA,58,Men
,#p30211#,215112938602113,شماغ - عادي - رجالي - احمر غامق - 62,105,Alshiaka,Headgear>Alshiaka>Shumagh,Dark Red,Chinese Shumagh Dark Red,NA,Seasonal,Non Consignment,NA,NA,NA,NA,60,Men
,#p30211#,215112938612113,شماغ - عادي - رجالي - ابيض - 55,105,Alshiaka,Headgear>Alshiaka>Shumagh,Dark Red,Chinese Shumagh Dark Red,NA,Seasonal,Non Consignment,NA,NA,NA,NA,62,Men
,#p30211#,215112601582113,شماغ - عادي - رجالي - ابيض - 58,105,Alshiaka,Headgear>Alshiaka>Shumagh,White,Chinese Shumagh White,NA,Seasonal,Non Consignment,NA,NA,NA,NA,55,Men
,#p30211#,215112601592113,شماغ - عادي - رجالي - ابيض - 60,105,Alshiaka,Headgear>Alshiaka>Shumagh,White,Chinese Shumagh White,NA,Seasonal,Non Consignment,NA,NA,NA,NA,58,Men
,#p30211#,215112601602113,شماغ - عادي - رجالي - ابيض - 62,105,Alshiaka,Headgear>Alshiaka>Shumagh,White,Chinese Shumagh White,NA,Seasonal,Non Consignment,NA,NA,NA,NA,60,Men
,#p30211#,215112601612113,شماغ - عادي - ولادي - احمر فاتح - 42,85,Alshiaka,Headgear>Alshiaka>Shumagh,White,Chinese Shumagh White,NA,Seasonal,Non Consignment,NA,NA,NA,NA,62,Men
,#p30211#,215112837542112,شماغ - عادي - شباب - احمر فاتح - 46,85,Alshiaka,Headgear>Alshiaka>Shumagh,Light Red,Chinese Shumagh Light Red,NA,Seasonal,Non Consignment,NA,NA,NA,NA,42,Boys
,#p30211#,215112837552112,شماغ - عادي - شباب - احمر فاتح - 50,85,Alshiaka,Headgear>Alshiaka>Shumagh,Light Red,Chinese Shumagh Light Red,NA,Seasonal,Non Consignment,NA,NA,NA,NA,46,Youth
,#p30211#,215112837562112,شماغ - عادي - شباب - احمر فاتح - 52,85,Alshiaka,Headgear>Alshiaka>Shumagh,Light Red,Chinese Shumagh Light Red,NA,Seasonal,Non Consignment,NA,NA,NA,NA,50,Youth
,#p30211#,215112837572112,شماغ - عادي - ولادي - احمر غامق - 42,85,Alshiaka,Headgear>Alshiaka>Shumagh,Light Red,Chinese Shumagh Light Red,NA,Seasonal,Non Consignment,NA,NA,NA,NA,52,Youth
,#p30211#,215112938542113,شماغ - عادي - شباب - احمر غامق - 46,85,Alshiaka,Headgear>Alshiaka>Shumagh,Dark Red,Chinese Shumagh Dark Red,NA,Seasonal,Non Consignment,NA,NA,NA,NA,42,Boys
,#p30211#,215112938552113,شماغ - عادي - شباب - احمر غامق - 50,85,Alshiaka,Headgear>Alshiaka>Shumagh,Dark Red,Chinese Shumagh Dark Red,NA,Seasonal,Non Consignment,NA,NA,NA,NA,46,Youth
,#p30211#,215112938562113,شماغ - عادي - شباب - احمر غامق - 52,85,Alshiaka,Headgear>Alshiaka>Shumagh,Dark Red,Chinese Shumagh Dark Red,NA,Seasonal,Non Consignment,NA,NA,NA,NA,50,Youth
,#p30211#,215112938572113,شماغ - عادي - ولادي - ابيض - 42,85,Alshiaka,Headgear>Alshiaka>Shumagh,Dark Red,Chinese Shumagh Dark Red,NA,Seasonal,Non Consignment,NA,NA,NA,NA,52,Youth
,#p30211#,215112601542113,شماغ - عادي - شباب - ابيض - 46,85,Alshiaka,Headgear>Alshiaka>Shumagh,White,Chinese Shumagh White,NA,Seasonal,Non Consignment,NA,NA,NA,NA,42,Boys
,#p30211#,215112601552113,شماغ - عادي - شباب - ابيض - 50,85,Alshiaka,Headgear>Alshiaka>Shumagh,White,Chinese Shumagh White,NA,Seasonal,Non Consignment,NA,NA,NA,NA,46,Youth
,#p30211#,215112601562113,شماغ - عادي - شباب - ابيض - 52,85,Alshiaka,Headgear>Alshiaka>Shumagh,White,Chinese Shumagh White,NA,Seasonal,Non Consignment,NA,NA,NA,NA,50,Youth
,#p30211#,215112601572113,شماغ - فيرزاتشي - احمر - رجالي - 55,349,Alshiaka,Headgear>Alshiaka>Shumagh,White,Chinese Shumagh White,NA,Seasonal,Non Consignment,NA,NA,NA,NA,52,Youth
,#p30211#,215253027582266,شماغ - فيرزاتشي - احمر - رجالي - 58,349,Versace,Headgear>Alshiaka>Shumagh,Red,English Shumagh,NA,Continues,Non Consignment,NA,NA,NA,NA,55,Men
,#p30211#,215253027592266,شماغ - فيرزاتشي - احمر - رجالي - 60,349,Versace,Headgear>Alshiaka>Shumagh,Red,English Shumagh,NA,Continues,Non Consignment,NA,NA,NA,NA,58,Men
,#p30211#,215253027602266,شماغ - فيرزاتشي - احمر غامق - رجالي - 55,349,Versace,Headgear>Alshiaka>Shumagh,Red,English Shumagh,NA,Continues,Non Consignment,NA,NA,NA,NA,60,Men
,#p30211#,215253038582267,شماغ - فيرزاتشي - احمر غامق - رجالي - 58,349,Versace,Headgear>Alshiaka>Shumagh,Dark Red,English Shumagh,NA,Continues,Non Consignment,NA,NA,NA,NA,55,Men
,#p30211#,215253038592267,شماغ - فيرزاتشي - احمر غامق - رجالي - 60,349,Versace,Headgear>Alshiaka>Shumagh,Dark Red,English Shumagh,NA,Continues,Non Consignment,NA,NA,NA,NA,58,Men
,#p30211#,215253038602267,شماغ - فيرزاتشي - ابيض - رجالي - 55,349,Versace,Headgear>Alshiaka>Shumagh,Dark Red,English Shumagh,NA,Continues,Non Consignment,NA,NA,NA,NA,60,Men
,#p30211#,215253001582268,شماغ - فيرزاتشي - ابيض - رجالي - 58,349,Versace,Headgear>Alshiaka>Shumagh,White,English Shumagh,NA,Continues,Non Consignment,NA,NA,NA,NA,55,Men
,#p30211#,215253001592268,شماغ - فيرزاتشي - ابيض - رجالي - 60,349,Versace,Headgear>Alshiaka>Shumagh,White,English Shumagh,NA,Continues,Non Consignment,NA,NA,NA,NA,58,Men
,#p30211#,215253001602268,شماغ - الشياكة - رجالي - 42,25,Versace,Headgear>Alshiaka>Shumagh,White,English Shumagh,NA,Continues,Non Consignment,NA,NA,NA,NA,60,Men
,#p30211#,8040340301421,شماغ - عادي - ولادي - احمر فاتح - 40,85,Alshiaka,Headgear>Alshiaka>Shumagh,Cream,Chinese Shumagh Cream,NA,Seasonal,Non Consignment,NA,NA,NA,NA,42,Men
,#p30211#,215112837532112,شماغ - عادي - ولادي - ابيض - 40,85,Alshiaka,Headgear>Alshiaka>Shumagh,Light Red,Chinese Shumagh Light Red,NA,Seasonal,Non Consignment,NA,NA,NA,NA,40,Boys
,#p30211#,215112601532113,شماغ - عادي - ولادي - احمر غامق - 40,85,Alshiaka,Headgear>Alshiaka>Shumagh,White,Chinese Shumagh White,NA,Seasonal,Non Consignment,NA,NA,NA,NA,40,Boys
,#p30211#,215112938532113,شماغ - الشياكة - رجالي - 62,30,Alshiaka,Headgear>Alshiaka>Shumagh,Dark Red,Chinese Shumagh Dark Red,NA,Seasonal,Non Consignment,NA,NA,NA,NA,40,Boys
,#p30211#,359101223,شماغ - الشياكة - رجالي- 44,25,Alshiaka,Headgear>Alshiaka>Shumagh,White,Chinese Shumagh White,NA,Seasonal,Non Consignment,NA,NA,NA,NA,62,Men